page,rank,rank_change,product_id,product_name,price_band,shop_name,user_payment_amount,click_count,deal_count,click_deal_conversion,product_row_key,product_image_url,shop_image_url
1,1,持平,3743726306211266679,【周年狂欢购】永和经典原味豆浆粉营养高蛋白早餐纯豆浆粉狂欢大包,¥99,永和豆浆冲饮旗舰店,"¥1,000万 - ¥2,500万",100万 - 250万,10万 - 25万,25% - 30%,3743726306211266679_1,https://p3-aio.ecombdimg.com/obj/ecom-shop-material/jpeg_m_2b5b3f8a665be862e261bc59d4dfa313_sx_283768_www800-800,https://p6-ecom-qualification-sign.ecombdimg.com/tos-cn-i-6vegkygxbk/0b962dc4bf5c4626942aa91b99f00d5b~tplv-6vegkygxbk-s:750.image?lk3s=c9156bde&x-expires=1818400657&x-signature=RCxl8V2Qnu%2B873tqOajngE6GxJQ%3D
1,2,4,3831708655561080887,【与辉定制】 光明5.0蛋白厚牛乳200ml*15盒*2箱,¥99,光明官方旗舰店,"¥750万 - ¥1,000万",250万 - 500万,7.5万 - 10万,15% - 20%,3831708655561080887_2,https://p3-aio.ecombdimg.com/obj/ecom-shop-material/jpeg_m_43ad45c4c7675d7c379681c3a74ba2e8_sx_404121_www800-800,https://p3-ecom-qualification-sign.ecombdimg.com/tos-cn-i-6vegkygxbk/a324a3e1932a4da6ba9ae520d7a8e65e~tplv-6vegkygxbk-s:750.image?lk3s=c9156bde&x-expires=1818402193&x-signature=x3HRAJFaNc0CBQPReew2MaYFNHc%3D
1,3,82,3684900084786528329,东方甄选自营沙漠纯牛奶4.0蛋白营养早餐高钙健身学生日期新鲜,¥113-¥432,东方甄选官方旗舰店,¥500万 - ¥750万,50万 - 75万,5万 - 7.5万,15% - 20%,3684900084786528329_3,https://p9-aio.ecombdimg.com/obj/ecom-shop-material/jpeg_m_dd1d25826e1c3415df53753d551991f1_sx_290463_www800-800,https://p6-ecom-qualification-sign.ecombdimg.com/tos-cn-i-6vegkygxbk/e099e132c284459195df7b1538a5334f~tplv-6vegkygxbk-s:750.image?lk3s=c9156bde&x-expires=1818402809&x-signature=6pj60AYqXmlV76y%2FXHTGlfZOI20%3D
1,4,4 首次上榜,3835569072997793889,五谷磨房黑之养核桃芝麻黑豆粉高钙高蛋白营养健康早餐546g,¥175,五谷磨房官方旗舰店,¥500万 - ¥750万,100万 - 250万,7.5万 - 10万,15% - 20%,3835569072997793889_4,https://p3-aio.ecombdimg.com/obj/ecom-shop-material/jpeg_m_3319df1034d909a58d265c472e298986_sx_559239_www800-800,https://p3-ecom-qualification-sign.ecombdimg.com/tos-cn-i-6vegkygxbk/fe392d815feb409db5ff3f45d0e4f496~tplv-6vegkygxbk-s:750.image?lk3s=c9156bde&x-expires=1818401719&x-signature=drKRiAKM8y6TytCy5bgt1yUIfLM%3D
1,5,5 2,3816115005837935103,邮政六黑高钙即食有机大粒纯燕麦片组合营养饱腹早餐健康代餐,¥99,中国邮政集团有限公司河北省井陉县分公司,¥500万 - ¥750万,50万 - 75万,5万 - 7.5万,10% - 15%,3816115005837935103_5,https://p9-aio.ecombdimg.com/obj/ecom-shop-material/jpeg_m_6c58e77e5266d5a5d4e158c1cd678898_sx_508745_www800-800,https://p3-ecom-qualification-sign.ecombdimg.com/tos-cn-i-6vegkygxbk/781e00c11fb44fa782ea14d66144cc0d~tplv-6vegkygxbk-s:750.image?lk3s=c9156bde&x-expires=1818402801&x-signature=SgdeGJD6Ac2VelgXpEQZj238gpA%3D
1,6,6 12,3696829326587724193,【西域春】两桶新疆酸奶（包装升级贴纸好撕）多口味可选 共两桶四斤,¥49-¥50,西域春乳品旗舰店,¥250万 - ¥500万,75万 - 100万,7.5万 - 10万,15% - 20%,3696829326587724193_6,https://p9-aio.ecombdimg.com/obj/ecom-shop-material/jpeg_m_46cfe1564f50f8d61c43d9cdc6a3fc28_sx_150181_www720-720,https://p6-ecom-qualification-sign.ecombdimg.com/tos-cn-i-6vegkygxbk/3b9c9552b0b44894b0c3b1f0dacee49d~tplv-6vegkygxbk-s:750.image?lk3s=c9156bde&x-expires=1818402657&x-signature=M6b4hPSg%2FDDzjDWmPBD0n%2FAhzWs%3D
1,7,7 首次上榜,3806140124631269504,【总裁生日大场】FITO菲途咖啡黑白绷带经典拿铁速溶咖啡ZC,¥418,FITO官方旗舰店,¥250万 - ¥500万,10万 - 25万,1万 - 2.5万,10% - 15%,3806140124631269504_7,https://p3-aio.ecombdimg.com/obj/ecom-shop-material/jpeg_m_de682a9a3570363642c5bc91d8ae7d52_sx_106763_www1200-1200,https://p6-ecom-qualification-sign.ecombdimg.com/tos-cn-i-6vegkygxbk/d8ed4212f6c54796b8dd2c56b470c225~tplv-6vegkygxbk-s:750.image?lk3s=c9156bde&x-expires=1818402797&x-signature=2QE2Nso9srK8gzm2L0S9701rxHA%3D
1,8,8 136,3811664103253082341,阿勒驼【新疆原生奶源！100%纯】阿勒驼双有机100%纯驼乳360g*4罐,¥899,阿勒驼官方旗舰店,¥250万 - ¥500万,10万 - 25万,"2,500 - 5,000",5% - 7.5%,3811664103253082341_8,https://p9-aio.ecombdimg.com/obj/ecom-shop-material/jpeg_m_aac3e7508df15daeb25f7b139d2a3e58_sx_487448_www800-800,https://p6-ecom-qualification-sign.ecombdimg.com/tos-cn-i-6vegkygxbk/d631312bcd8b40e8a22cd79e3d7f0d9f~tplv-6vegkygxbk-s:750.image?lk3s=c9156bde&x-expires=1818402237&x-signature=7wyUBT390jviEmx%2B8lsMFt%2By0C0%3D
1,9,9 12,3647084668454575013,椰谷零糖椰汁245g*10瓶0糖椰子汁0蔗糖椰奶果汁植物蛋白饮料整箱,¥29-¥89,椰谷水饮旗舰店,¥250万 - ¥500万,100万 - 250万,10万 - 25万,15% - 20%,3647084668454575013_9,https://p3-aio.ecombdimg.com/obj/ecom-shop-material/jpeg_m_1c7e58139414ddf788eb08d852ad3fe4_sx_485314_www800-800,https://p3-ecom-qualification-sign.ecombdimg.com/tos-cn-i-6vegkygxbk/6473edf6563446a693e4b2bade13eb2a~tplv-6vegkygxbk-s:750.image?lk3s=c9156bde&x-expires=1818404165&x-signature=RBBsNZ7HHWSq5vlYCOf6otWnFfY%3D
1,10,10 -,3716433912847794572,【点击预约总裁生日大场】FITO菲途咖啡黑白绷带经典拿铁速溶咖啡ZC,¥418,FITO官方旗舰店,¥250万 - ¥500万,10万 - 25万,1万 - 2.5万,10% - 15%,3716433912847794572_10,https://p3-aio.ecombdimg.com/obj/ecom-shop-material/jpeg_m_c5f666cf3b685af69204f128550cdd0f_sx_107272_www800-800,https://p6-ecom-qualification-sign.ecombdimg.com/tos-cn-i-6vegkygxbk/d8ed4212f6c54796b8dd2c56b470c225~tplv-6vegkygxbk-s:750.image?lk3s=c9156bde&x-expires=1818402797&x-signature=2QE2Nso9srK8gzm2L0S9701rxHA%3D
2,11,11 3,3832545205626733037,【冻干咖啡块】吴彦祖咖啡WHATEVER COFFEE 阿拉比卡冻干固态咖啡块,¥25-¥99,WHATEVER COFFEE,¥250万 - ¥500万,25万 - 50万,5万 - 7.5万,20% - 25%,3832545205626733037_11,https://p3-aio.ecombdimg.com/obj/ecom-shop-material/jpeg_m_b1599a25674c6cd6c0a6683ed2358ff1_sx_287819_www1200-1200,https://p3-ecom-qualification-sign.ecombdimg.com/tos-cn-i-6vegkygxbk/d9edac651d7f4b95b4760140e4e1c4aa~tplv-6vegkygxbk-s:750.image?lk3s=c9156bde&x-expires=1818403781&x-signature=eeGBVjcpwDH593hWQVHOyefsFb0%3D
2,12,12 10,3786205465604653282,【达人专属】新品！到手69杯起 瑞幸即享唤醒系列醇浓黑咖啡0脂,¥109-¥169,瑞幸即享官方旗舰店,¥250万 - ¥500万,75万 - 100万,2.5万 - 5万,7.5% - 10%,3786205465604653282_12,https://p9-aio.ecombdimg.com/obj/ecom-shop-material/png_m_a89beb151da2908d2f1e8b59bbd7808e_sx_509228_www800-800,https://p6-ecom-qualification-sign.ecombdimg.com/tos-cn-i-6vegkygxbk/815e4d8a726f44b09ddb08116ff431e2~tplv-6vegkygxbk-s:750.image?lk3s=c9156bde&x-expires=1818404257&x-signature=%2BaXiHfmVo%2F9VVVaq6gS2l%2BjNrO0%3D
2,13,13 -,3809805582941159953,【新鲜日期】花园新疆牧场200g10盒*5箱纯牛奶营养学生早餐奶牛奶,¥99,花园官方旗舰店,¥250万 - ¥500万,25万 - 50万,2.5万 - 5万,15% - 20%,3809805582941159953_13,https://p3-aio.ecombdimg.com/obj/ecom-shop-material/jpeg_m_fe6a8853b6a83437b22f24ad2b926fc5_sx_122647_www800-800,https://p6-ecom-qualification-sign.ecombdimg.com/tos-cn-i-6vegkygxbk/ccba8c2a112d44c3aee9737bd1840a66~tplv-6vegkygxbk-s:750.image?lk3s=c9156bde&x-expires=1818401210&x-signature=O8bzVzo0eermSRjxGOJ%2BPGVq3bM%3D
2,14,14 首次上榜,3778710683240235023,轻滋畅【官方正品】西梅奇亚籽奶昔甄选发酵酸奶饮品营养休闲饮料,¥79,轻滋畅官方旗舰店,¥250万 - ¥500万,25万 - 50万,2.5万 - 5万,20% - 25%,3778710683240235023_14,https://p9-aio.ecombdimg.com/obj/ecom-shop-material/jpeg_m_754d91fa948c73feb813664f6d3c7d2e_sx_891365_www800-800,https://p3-ecom-qualification-sign.ecombdimg.com/tos-cn-i-6vegkygxbk/6fed439007584b68bef1c220e8e3fb2e~tplv-6vegkygxbk-s:750.image?lk3s=c9156bde&x-expires=1818404437&x-signature=ceAQrhJaOvxj4yzjpOzw5IK70oM%3D
2,15,15 3,3833182421906489795,【送玻璃搅拌杯】九阳豆浆纯黄豆黑豆低嘌呤豆浆粉高蛋白营养早餐cd,¥99,九阳豆浆官方旗舰店,¥250万 - ¥500万,25万 - 50万,2.5万 - 5万,15% - 20%,3833182421906489795_15,https://p9-aio.ecombdimg.com/obj/ecom-shop-material/png_m_c452784385aec836ac3e1efb23a01629_sx_764577_www800-800,https://p3-ecom-qualification-sign.ecombdimg.com/tos-cn-i-6vegkygxbk/dc04ea0708334d248b74cdf1de6f63b2~tplv-6vegkygxbk-s:750.image?lk3s=c9156bde&x-expires=1818403125&x-signature=mamFNDHP7rKU61ClCRFG8R%2FM55c%3D
2,16,16 首次上榜,3801419156641939711,【与辉定制】九阳豆浆黄豆/黑豆黄豆/姜黄豆浆粉,¥46-¥65,九阳豆浆官方旗舰店,¥250万 - ¥500万,50万 - 75万,5万 - 7.5万,10% - 15%,3801419156641939711_16,https://p9-aio.ecombdimg.com/obj/ecom-shop-material/jpeg_m_7cb5fc81d17c54c41ceab4e8c4949a6a_sx_117115_www800-800,https://p3-ecom-qualification-sign.ecombdimg.com/tos-cn-i-6vegkygxbk/dc04ea0708334d248b74cdf1de6f63b2~tplv-6vegkygxbk-s:750.image?lk3s=c9156bde&x-expires=1818403125&x-signature=mamFNDHP7rKU61ClCRFG8R%2FM55c%3D
2,17,17 首次上榜,3835235500218777615,2026新茶茉莉雪螺王手工揉捻全芽带小鱼叶 适口性强耐泡袋装,¥108-¥200,老贰的陆店,¥250万 - ¥500万,10万 - 25万,1万 - 2.5万,15% - 20%,3835235500218777615_17,https://p9-aio.ecombdimg.com/obj/ecom-shop-material/jpeg_m_8bbf7563aa41d6b3635fa56102d23576_sx_563511_www800-800,https://p3-ecom-qualification-sign.ecombdimg.com/tos-cn-i-6vegkygxbk/ac66280308b84acebbb678dd381f785f~tplv-6vegkygxbk-s:750.image?lk3s=c9156bde&x-expires=1818402259&x-signature=aDTEoqlo50PP0pQQ0z9Ws0L2hvA%3D
2,18,18 104,3831503143481509468,【优驼官方】新疆纯正全脂驼乳粉高钙双有机骆驼奶粉300克/罐,¥596,优驼官方旗舰店,¥250万 - ¥500万,7.5万 - 10万,"5,000 - 7,500",10% - 15%,3831503143481509468_18,https://p3-aio.ecombdimg.com/obj/ecom-shop-material/png_m_2dfab6b186927dbc47b6c71b9c383bc4_sx_780437_www800-800,https://p3-ecom-qualification-sign.ecombdimg.com/tos-cn-i-6vegkygxbk/ee8d21c8bbaf4bd2976d96f5322be2d1~tplv-6vegkygxbk-s:750.image?lk3s=c9156bde&x-expires=1818402290&x-signature=H2t36LXQ24hx627QBzyvc5Jw%2F%2F8%3D
2,19,19 14,3831313664439353390,【推荐官专属】西麦即食纯燕麦5黑燕麦高钙奇亚籽早餐代餐冲饮FY,¥99,西麦官方旗舰店,¥250万 - ¥500万,25万 - 50万,2.5万 - 5万,10% - 15%,3831313664439353390_19,https://p9-aio.ecombdimg.com/obj/ecom-shop-material/png_m_0c1247f185980a31e730bca27c9407a5_sx_998702_www800-800,https://p6-ecom-qualification-sign.ecombdimg.com/temai/16158586870b37097a4d9b42f47b925b8cb4a214df5204a109~tplv-6vegkygxbk-s:750.image?lk3s=c9156bde&x-expires=1818402706&x-signature=F7UF88Q4N1Q9gBwiSPFJkuK9lrU%3D
2,20,20 16,3774181704684666928,【日夜搭配三件套】FITO菲途咖啡礼盒黑白绷带阿拉比卡拿铁S,¥299-¥352,FITO官方旗舰店,¥250万 - ¥500万,10万 - 25万,1万 - 2.5万,7.5% - 10%,3774181704684666928_20,https://p3-aio.ecombdimg.com/obj/ecom-shop-material/jpeg_m_c97a6e5b08fff1559488b175a61ce31a_sx_243436_www1200-1200,https://p6-ecom-qualification-sign.ecombdimg.com/tos-cn-i-6vegkygxbk/d8ed4212f6c54796b8dd2c56b470c225~tplv-6vegkygxbk-s:750.image?lk3s=c9156bde&x-expires=1818402797&x-signature=2QE2Nso9srK8gzm2L0S9701rxHA%3D
3,21,21 2,3679335117328875976,【赵露思同款】LeTea乐品乐茶冷泡茶组合花茶原叶袋泡茶包茶叶饮料,¥89-¥99,乐品乐茶官方旗舰店,¥250万 - ¥500万,50万 - 75万,2.5万 - 5万,10% - 15%,3679335117328875976_21,https://p3-aio.ecombdimg.com/obj/ecom-shop-material/jpeg_m_27a17edf370703358633787d070b7b2f_sx_238412_www800-800,https://p6-ecom-qualification-sign.ecombdimg.com/tos-cn-i-6vegkygxbk/9276103ef9ad4e8ca39d47525bceb268~tplv-6vegkygxbk-s:750.image?lk3s=c9156bde&x-expires=1818404247&x-signature=zzleicvP3vqz1YFgSHEI0heRoeI%3D
3,22,22 首次上榜,3836100794302726579,【总监专属】金味醇香原味红藜麦亚麻籽冲饮麦片燕麦片方便速食早餐,¥99,金味营养食品旗舰店,¥250万 - ¥500万,10万 - 25万,2.5万 - 5万,20% - 25%,3836100794302726579_22,https://p3-aio.ecombdimg.com/obj/ecom-shop-material/png_m_5217f464cbe3023abec4f925221cd68d_sx_2088726_www1080-1080,https://p6-ecom-qualification-sign.ecombdimg.com/tos-cn-i-6vegkygxbk/36f0322ed1e345e0ad5a506aa4592fb0~tplv-6vegkygxbk-s:750.image?lk3s=c9156bde&x-expires=1818404437&x-signature=3lCuBA%2FuhYTV10%2BbBLlXFAqly0M%3D
3,23,23 首次上榜,3834114485786902799,【毛博士专属】美赞臣致沛糖序配方奶粉高钙高蛋白周期装,¥398,美赞臣致沛官方旗舰店,¥100万 - ¥250万,7.5万 - 10万,"5,000 - 7,500",15% - 20%,3834114485786902799_23,https://p9-aio.ecombdimg.com/obj/ecom-shop-material/jpeg_m_498d7ba88c087b24410c8be4b6eb9c43_sx_553457_www800-800,https://p3-ecom-qualification-sign.ecombdimg.com/tos-cn-i-6vegkygxbk/36c2744abeb042efaadb19fe3dec5303~tplv-6vegkygxbk-s:750.image?lk3s=c9156bde&x-expires=1818402485&x-signature=%2BUKCikg3lfL5QNAn80VWFaCzgaA%3D
3,24,24 首次上榜,3619263963394630043,【全新升级】认养一头牛引养力牛初乳粉营养奶粉-FZB,¥378,认养一头牛奶粉旗舰店,¥100万 - ¥250万,7.5万 - 10万,"7,500 - 1万",15% - 20%,3619263963394630043_24,https://p3-aio.ecombdimg.com/obj/ecom-shop-material/png_m_d3d603ac7b74232576001cb69893c58b_sx_1262738_www1200-1200,https://p6-ecom-qualification-sign.ecombdimg.com/tos-cn-i-6vegkygxbk/3decec31906e4144994f25cf25a0ae02~tplv-6vegkygxbk-s:750.image?lk3s=c9156bde&x-expires=1818404245&x-signature=MDIfV4G6Zc5caifUqdYoWhKWsHs%3D
3,25,25 首次上榜,3714570912994033741,【三伏必备】五谷磨房湿旡踪营养五指毛桃谷物山药餐脂肪苹果853g*1,¥258,五谷磨房滋补旗舰店,¥100万 - ¥250万,25万 - 50万,1万 - 2.5万,10% - 15%,3714570912994033741_25,https://p3-aio.ecombdimg.com/obj/ecom-shop-material/png_m_09b6f61e06ca26fe1627bf7cf3bd8384_sx_1315552_www1080-1080,https://p6-ecom-qualification-sign.ecombdimg.com/tos-cn-i-6vegkygxbk/0d7f016152fc4ae99da244fb5159450e~tplv-6vegkygxbk-s:750.image?lk3s=c9156bde&x-expires=1818402358&x-signature=m5m25%2FJ4ITeFaaj3BRLgh%2BbASoU%3D
3,26,26 4,3668799639685038290,【七夕礼物】蒙牛悠瑞骨力金装奶粉中老年奶粉正品官方旗舰店牛奶粉,¥396,蒙牛食品旗舰店,¥100万 - ¥250万,10万 - 25万,"5,000 - 7,500",10% - 15%,3668799639685038290_26,https://p3-aio.ecombdimg.com/obj/ecom-shop-material/jpeg_m_f69ead9f8fea76cda277d74762d9a30b_sx_636173_www800-800,https://p3-ecom-qualification-sign.ecombdimg.com/tos-cn-i-6vegkygxbk/3260aab2ae1c4055b3089eeb8d9b346a~tplv-6vegkygxbk-s:750.image?lk3s=c9156bde&x-expires=1818402355&x-signature=sFVH8zN0tnVNa44dOA5AjpiTPTQ%3D
3,27,27 首次上榜,3836938229274247319,正宗新会小青柑普洱茶500g半生晒2026年新茶,¥289,诚食派严选,¥100万 - ¥250万,5万 - 7.5万,"7,500 - 1万",30% - 35%,3836938229274247319_27,https://p3-aio.ecombdimg.com/obj/ecom-shop-material/jpeg_m_21d3f6c98de1760f34a81b6456932e3b_sx_274597_www800-800,https://p3-ecom-qualification-sign.ecombdimg.com/tos-cn-i-6vegkygxbk/429e8d79fc614f9e8e1ae7d03b265627~tplv-6vegkygxbk-s:750.image?lk3s=c9156bde&x-expires=1818404035&x-signature=%2BGKzIWaFB2nV3XUXlXQYPuzBpZ8%3D
3,28,28 首次上榜,3785710902268003630,【空降专属】九阳豆浆西梅芭乐羽衣甘蓝奇亚籽自律豆浆粉代餐gq,¥99,九阳豆浆官方旗舰店,¥100万 - ¥250万,10万 - 25万,1万 - 2.5万,20% - 25%,3785710902268003630_28,https://p3-aio.ecombdimg.com/obj/ecom-shop-material/jpeg_m_aeb3f6d12e9080c96a41532e277073a4_sx_471047_www800-800,https://p3-ecom-qualification-sign.ecombdimg.com/tos-cn-i-6vegkygxbk/dc04ea0708334d248b74cdf1de6f63b2~tplv-6vegkygxbk-s:750.image?lk3s=c9156bde&x-expires=1818403125&x-signature=mamFNDHP7rKU61ClCRFG8R%2FM55c%3D
3,29,29 42,3779184577164214568,【100%大豆】永和豆浆原味纯豆浆粉高蛋白营养豆浆100%纯豆粉福利,¥99,永和豆浆冲饮旗舰店,¥100万 - ¥250万,50万 - 75万,1万 - 2.5万,2.5% - 5%,3779184577164214568_29,https://p9-aio.ecombdimg.com/obj/ecom-shop-material/jpeg_m_4bd5374da1c1a15b05c18733ddb93ac1_sx_465675_www800-800,https://p6-ecom-qualification-sign.ecombdimg.com/tos-cn-i-6vegkygxbk/0b962dc4bf5c4626942aa91b99f00d5b~tplv-6vegkygxbk-s:750.image?lk3s=c9156bde&x-expires=1818404257&x-signature=V6ytyLqAP%2FDUQDukcIwS4H3X7Mk%3D
3,30,30 首次上榜,3836005828339564678,【淄博中医医院玉竹十白茶】科学配方真材玉竹十白茶,¥99,淄博市中医医院饮品旗舰店,¥100万 - ¥250万,25万 - 50万,1万 - 2.5万,10% - 15%,3836005828339564678_30,https://p9-aio.ecombdimg.com/obj/ecom-shop-material/jpeg_m_d6de679ccfa8c1b55e38042b0586c538_sx_517601_www2000-2000,https://p6-ecom-qualification-sign.ecombdimg.com/tos-cn-i-6vegkygxbk/09daef1317394d6da6980edfee4b84ea~tplv-6vegkygxbk-s:750.image?lk3s=c9156bde&x-expires=1818401312&x-signature=X47c6rTRi59R0UfzCGrYOqizhbc%3D
4,31,31 首次上榜,3812962785424441628,【新鲜日期】花园新疆牧场纯牛奶200g*10盒*5箱奶营养健康学生早餐,¥99,花园官方旗舰店,¥100万 - ¥250万,10万 - 25万,1万 - 2.5万,10% - 15%,3812962785424441628_31,https://p9-aio.ecombdimg.com/obj/ecom-shop-material/jpeg_m_fe6a8853b6a83437b22f24ad2b926fc5_sx_122647_www800-800,https://p6-ecom-qualification-sign.ecombdimg.com/tos-cn-i-6vegkygxbk/ccba8c2a112d44c3aee9737bd1840a66~tplv-6vegkygxbk-s:750.image?lk3s=c9156bde&x-expires=1818401210&x-signature=O8bzVzo0eermSRjxGOJ%2BPGVq3bM%3D
4,32,32 首次上榜,3721288488713322906,东方甄选自营沙漠纯牛奶4.0蛋白（10日内发货）营养早餐高钙健身,¥113-¥432,东方甄选官方旗舰店,¥100万 - ¥250万,7.5万 - 10万,1万 - 2.5万,20% - 25%,3721288488713322906_32,https://p9-aio.ecombdimg.com/obj/ecom-shop-material/jpeg_m_3d88909c1323fcad814415e9d385b520_sx_581632_www800-800,https://p6-ecom-qualification-sign.ecombdimg.com/tos-cn-i-6vegkygxbk/e099e132c284459195df7b1538a5334f~tplv-6vegkygxbk-s:750.image?lk3s=c9156bde&x-expires=1818402809&x-signature=6pj60AYqXmlV76y%2FXHTGlfZOI20%3D
4,33,33 首次上榜,3813160051066142748,山药苹果四神汤真材实料免煮即喝果蔬汁饮料150ml/15瓶*3箱,¥119,轻上牛牛饮品旗舰店,¥100万 - ¥250万,25万 - 50万,1万 - 2.5万,15% - 20%,3813160051066142748_33,https://p3-aio.ecombdimg.com/obj/ecom-shop-material/jpeg_m_1f183ad04d18526f8cd0c93a8e6445fd_sx_506674_www800-800,https://p6-ecom-qualification-sign.ecombdimg.com/tos-cn-i-6vegkygxbk/ac7f87d4651245d68bb08c85e2821e7b~tplv-6vegkygxbk-s:750.image?lk3s=c9156bde&x-expires=1818401369&x-signature=T1TMhWMrO8t3gIeLX56EqvAVZHQ%3D
4,34,34 首次上榜,3816673697280951681,【送自制豆花机】九阳豆浆羽衣甘蓝豆花粉高纤高蛋白豆腐脑轻食,¥79-¥89,九阳豆浆冲饮旗舰店,¥100万 - ¥250万,25万 - 50万,2.5万 - 5万,15% - 20%,3816673697280951681_34,https://p3-aio.ecombdimg.com/obj/ecom-shop-material/jpeg_m_4ab09dd447397467c630046bf6020b1f_sx_1203691_www1024-1024,https://p3-ecom-qualification-sign.ecombdimg.com/tos-cn-i-6vegkygxbk/0f2741c1f37c4b88bed41192f8122dcd~tplv-6vegkygxbk-s:750.image?lk3s=c9156bde&x-expires=1818401719&x-signature=b5Xsh71YClOJ4t8mKIqO26jiyrM%3D
4,35,35 20,3833005613319847974,【到手5箱】美享时刻克东天然高端苏打水大容量碱性520ml*60瓶x,¥99,美享时刻水饮旗舰店,¥100万 - ¥250万,10万 - 25万,1万 - 2.5万,15% - 20%,3833005613319847974_35,https://p9-aio.ecombdimg.com/obj/ecom-shop-material/jpeg_m_b3494cef544fe9f7139d014b7d01df9e_sx_402220_www800-800,https://p6-ecom-qualification-sign.ecombdimg.com/tos-cn-i-6vegkygxbk/09b2d0f882e1452d9b82eec18b85e4a6~tplv-6vegkygxbk-s:750.image?lk3s=c9156bde&x-expires=1818403527&x-signature=zfn8zqIjxzRdpbxKvnFZ%2Ff3%2B4dc%3D
4,36,36 首次上榜,3759878945869267147,【露思同款】LeTea乐品乐茶冷泡茶高端原叶袋泡茶包茉莉花茶叶饮料,¥39,乐品乐茶官方旗舰店,¥100万 - ¥250万,50万 - 75万,2.5万 - 5万,10% - 15%,3759878945869267147_36,https://p9-aio.ecombdimg.com/obj/ecom-shop-material/jpeg_m_4195fc799faf3311ddfa7651d7947f91_sx_307482_www800-800,https://p6-ecom-qualification-sign.ecombdimg.com/tos-cn-i-6vegkygxbk/9276103ef9ad4e8ca39d47525bceb268~tplv-6vegkygxbk-s:750.image?lk3s=c9156bde&x-expires=1818404247&x-signature=zzleicvP3vqz1YFgSHEI0heRoeI%3D
4,37,37 20,3784945272690443205,【直播爆款】到手94杯|瑞幸即享唤醒系列醇浓黑咖啡办公速溶0脂,¥219,瑞幸即享官方旗舰店,¥100万 - ¥250万,25万 - 50万,1万 - 2.5万,10% - 15%,3784945272690443205_37,https://p9-aio.ecombdimg.com/obj/ecom-shop-material/jpeg_m_a60bb39f23899f98c9e539d2ae5ec5d3_sx_391211_www800-800,https://p6-ecom-qualification-sign.ecombdimg.com/tos-cn-i-6vegkygxbk/815e4d8a726f44b09ddb08116ff431e2~tplv-6vegkygxbk-s:750.image?lk3s=c9156bde&x-expires=1818404257&x-signature=%2BaXiHfmVo%2F9VVVaq6gS2l%2BjNrO0%3D
4,38,38 首次上榜,3833771549786243132,【粉丝专属】R41-1燃汇美灵芝黄芪咖啡固体饮料,¥399,燃汇美咖啡饮品,¥100万 - ¥250万,10万 - 25万,"5,000 - 7,500",2.5% - 5%,3833771549786243132_38,https://p9-aio.ecombdimg.com/obj/ecom-shop-material/png_m_325d39c2c2eca5c83bed51b306bf58d7_sx_2269371_www1254-1254,https://p6-ecom-qualification-sign.ecombdimg.com/tos-cn-i-6vegkygxbk/89ea0d45bcca4951ba5ecc1ca298dcd9~tplv-6vegkygxbk-s:750.image?lk3s=c9156bde&x-expires=1818402074&x-signature=yjuluaRMMq5pLYCbYjhD6E8Bjj8%3D
4,39,39 24,3778836742795297116,【陆毅推荐】轻上牛牛山药苹果四神汤真材实料熬煮酸甜儿童果汁饮品,¥39,轻上牛牛官方旗舰店,¥100万 - ¥250万,25万 - 50万,5万 - 7.5万,20% - 25%,3778836742795297116_39,https://p9-aio.ecombdimg.com/obj/ecom-shop-material/jpeg_m_5797096f6d23c2c19f787618511cc6ad_sx_705690_www800-800,https://p6-ecom-qualification-sign.ecombdimg.com/tos-cn-i-6vegkygxbk/0fbd09a97ddf48fcaab4b6523e5907a9~tplv-6vegkygxbk-s:750.image?lk3s=c9156bde&x-expires=1818401130&x-signature=2tIL4K7LYZHWv6kMbMf4Wgcvf7g%3D
4,40,40 首次上榜,3831893113576751472,五指毛桃茯苓薏米组合湿茶独立小罐装养生茶泡水喝,¥138-¥256,真情源滋补养生专营店,¥100万 - ¥250万,10万 - 25万,1万 - 2.5万,10% - 15%,3831893113576751472_40,https://p3-aio.ecombdimg.com/obj/ecom-shop-material/png_m_cfb75d764ff68ff7d31c60c57ee67119_sx_2485509_www1058-1058,https://p6-ecom-qualification-sign.ecombdimg.com/tos-cn-i-6vegkygxbk/19b35db4750e442d977824103932fe22~tplv-6vegkygxbk-s:750.image?lk3s=c9156bde&x-expires=1818404284&x-signature=P0u0gXSjioD6yDdegdPEIdidzH8%3D
5,41,41 7,3776792572253569927,【天润】常温3.5g/100g蛋白新疆纯牛奶早餐奶整箱180g*10盒*5箱,¥119,天润TERUN官方旗舰店,¥100万 - ¥250万,10万 - 25万,1万 - 2.5万,10% - 15%,3776792572253569927_41,https://p9-aio.ecombdimg.com/obj/ecom-shop-material/jpeg_m_12a4a76f32e09a5911eed387ff30791b_sx_255831_www800-800,https://p3-ecom-qualification-sign.ecombdimg.com/temai/162512169018f730282112fe270c1800a466bd87bf2bc0c745~tplv-6vegkygxbk-s:750.image?lk3s=c9156bde&x-expires=1818402459&x-signature=W5ke5KZRn4pIIn1kYZgqrOslIi8%3D
5,42,42 首次上榜,3835235248887693960,MOCCONA/摩可纳moccona摩可纳进口速溶400次冻干黑咖啡200g*1瓶装,¥119,MOCCONA咖啡旗舰店,¥100万 - ¥250万,25万 - 50万,1万 - 2.5万,7.5% - 10%,3835235248887693960_42,https://p9-aio.ecombdimg.com/obj/ecom-shop-material/jpeg_m_0b1777c5d73df3c1502001cfb3231bbc_sx_485754_www800-800,https://p3-ecom-qualification-sign.ecombdimg.com/tos-cn-i-6vegkygxbk/826ccd60757f41c38e839d67eb4125b9~tplv-6vegkygxbk-s:750.image?lk3s=c9156bde&x-expires=1818403816&x-signature=9z4VMrQ%2FjdTu1dKBMBOt2K8vBGw%3D
5,43,43 -,3808104150781264339,【推荐官专属】西麦即食纯燕麦5黑燕麦高钙奇亚籽早餐代餐冲饮FY,¥99,西麦官方旗舰店,¥100万 - ¥250万,25万 - 50万,1万 - 2.5万,10% - 15%,3808104150781264339_43,https://p9-aio.ecombdimg.com/obj/ecom-shop-material/png_m_0c1247f185980a31e730bca27c9407a5_sx_998702_www800-800,https://p6-ecom-qualification-sign.ecombdimg.com/temai/16158586870b37097a4d9b42f47b925b8cb4a214df5204a109~tplv-6vegkygxbk-s:750.image?lk3s=c9156bde&x-expires=1818402706&x-signature=F7UF88Q4N1Q9gBwiSPFJkuK9lrU%3D
5,44,44 2,3702561439198871679,【100%生牛乳】认养一头牛纯牛奶粉700g/罐营养健康高钙高蛋白-DLJ,¥99,认养一头牛奶粉旗舰店,¥100万 - ¥250万,25万 - 50万,1万 - 2.5万,10% - 15%,3702561439198871679_44,https://p9-aio.ecombdimg.com/obj/ecom-shop-material/jpeg_m_7d00af48feb3b60177bde173cdefba8a_sx_132571_www800-800,https://p6-ecom-qualification-sign.ecombdimg.com/tos-cn-i-6vegkygxbk/3decec31906e4144994f25cf25a0ae02~tplv-6vegkygxbk-s:750.image?lk3s=c9156bde&x-expires=1818404245&x-signature=MDIfV4G6Zc5caifUqdYoWhKWsHs%3D
5,45,45 首次上榜,3831718024881242139,【总监价到】南方核桃黑豆黑芝麻粉浓香美味营养早餐代餐冲zb,¥99,南方黑芝麻食品旗舰店,¥100万 - ¥250万,10万 - 25万,1万 - 2.5万,20% - 25%,3831718024881242139_45,https://p3-aio.ecombdimg.com/obj/ecom-shop-material/png_m_08d6d18892338f30ffcff21fe6459d6f_sx_954696_www800-800,https://p3-ecom-qualification-sign.ecombdimg.com/tos-cn-i-6vegkygxbk/e3b81ba5a3ec4dfc81b846baf33527ec~tplv-6vegkygxbk-s:750.image?lk3s=c9156bde&x-expires=1818403547&x-signature=lr%2F22Wk2itg1eEnOEUe3440uBLY%3D
5,46,46 首次上榜,3833771498330521744,【粉丝专属】R31-91燃汇美灵芝黄芪咖啡固体饮料,¥399,燃汇美咖啡饮品,¥100万 - ¥250万,10万 - 25万,"2,500 - 5,000",2.5% - 5%,3833771498330521744_46,https://p3-aio.ecombdimg.com/obj/ecom-shop-material/png_m_13f1f944d15683aa2091fbd03899ee20_sx_2362527_www1080-1080,https://p6-ecom-qualification-sign.ecombdimg.com/tos-cn-i-6vegkygxbk/89ea0d45bcca4951ba5ecc1ca298dcd9~tplv-6vegkygxbk-s:750.image?lk3s=c9156bde&x-expires=1818402074&x-signature=yjuluaRMMq5pLYCbYjhD6E8Bjj8%3D
5,47,47 21,3817171434506158304,【到手四斤】悬崖黑压榨过滤纯正自然成熟可试吃茶饮料,¥99,洑记甄选店,¥100万 - ¥250万,10万 - 25万,1万 - 2.5万,10% - 15%,3817171434506158304_47,https://p3-aio.ecombdimg.com/obj/ecom-shop-material/jpeg_m_5daa4380087d2bc5be6756c146dd9de1_sx_233599_www1280-1280,https://p6-ecom-qualification-sign.ecombdimg.com/tos-cn-i-6vegkygxbk/59a52c6f7c41403db3748a2683c412c5~tplv-6vegkygxbk-s:750.image?lk3s=c9156bde&x-expires=1818403012&x-signature=yBPRNA9xHGQkXIxigm3aS5FFVYw%3D
5,48,48 首次上榜,3836528102729711908,清甜果香芭乐油柑波士茶50g/盒柔润回甘茶 Z-N13,¥168,聚香溢茶叶,¥100万 - ¥250万,10万 - 25万,1万 - 2.5万,20% - 25%,3836528102729711908_48,https://p3-aio.ecombdimg.com/obj/ecom-shop-material/jpeg_m_e6b5904148c1d8ff9209649f3dcf9a56_sx_1157966_www2048-2048,https://p3-ecom-qualification-sign.ecombdimg.com/tos-cn-i-6vegkygxbk/25209f0f0e734f93b803bfee19b73b6b~tplv-6vegkygxbk-s:750.image?lk3s=c9156bde&x-expires=1818402509&x-signature=ktMhtWbHwTaKcwgUTOcvjo5cq4Y%3D
5,49,49 首次上榜,3832479361680932896,【HH】黄精五黑粉桑葚黑芝麻早餐冲饮代餐细腻研磨科学配比XX,¥29-¥149,讲过王,¥100万 - ¥250万,7.5万 - 10万,1万 - 2.5万,30% - 35%,3832479361680932896_49,https://p3-aio.ecombdimg.com/obj/ecom-shop-material/jpeg_m_afac82356d5a1023ceefaff1ea4ca6f3_sx_115507_www800-800,https://p3-ecom-qualification-sign.ecombdimg.com/tos-cn-i-6vegkygxbk/f9b02a85206f455f919fab874ec5067f~tplv-6vegkygxbk-s:750.image?lk3s=c9156bde&x-expires=1818403112&x-signature=T12vurcX3kHKI6SY1dRrBQzQPEw%3D
5,50,50 首次上榜,3750198839097819633,【佰儒】马上有福｜柑普茶 普洱茶叶 125g*2罐/125g*4罐,¥198-¥398,佰儒茶叶旗舰店,¥100万 - ¥250万,10万 - 25万,1万 - 2.5万,10% - 15%,3750198839097819633_50,https://p3-aio.ecombdimg.com/obj/ecom-shop-material/jpeg_m_6e876974df1ba1d962b1578f8d92a986_sx_616135_www800-800,https://p3-ecom-qualification-sign.ecombdimg.com/tos-cn-i-6vegkygxbk/37bcfa3bafd34203819d6b9b55a26549~tplv-6vegkygxbk-s:750.image?lk3s=c9156bde&x-expires=1818401534&x-signature=6CXkMaC%2BhCtzfySOqZHaGWS5e74%3D
6,51,51 首次上榜,3823370562793767016,【福利官专属】南方黑芝麻糊原味浓香美味营养早餐代餐冲泡饮品,¥99,南方黑芝麻冲饮旗舰店,¥100万 - ¥250万,10万 - 25万,1万 - 2.5万,20% - 25%,3823370562793767016_51,https://p3-aio.ecombdimg.com/obj/ecom-shop-material/png_m_67813c9cc92920ec68c664b6c4ee770c_sx_786945_www800-800,https://p6-ecom-qualification-sign.ecombdimg.com/tos-cn-i-6vegkygxbk/ee019b52bc98471b8c45dabadfbfb87e~tplv-6vegkygxbk-s:750.image?lk3s=c9156bde&x-expires=1818402459&x-signature=M12zugfae%2FeBsQv7qRhOkwcPt38%3D
6,52,52 首次上榜,3821684251225620650,【数量加到4下单】轻集西梅芭乐奇亚籽燕麦片营养早餐轻食独立包装,¥39,轻集,¥100万 - ¥250万,25万 - 50万,10万 - 25万,25% - 30%,3821684251225620650_52,https://p3-aio.ecombdimg.com/obj/ecom-shop-material/jpeg_m_f0bd7fa67381ec5ba42e3e42a328d658_sx_440153_www800-800,https://p6-ecom-qualification-sign.ecombdimg.com/tos-cn-i-6vegkygxbk/863365a462fb417b86d1c0be0ab365e1~tplv-6vegkygxbk-s:750.image?lk3s=c9156bde&x-expires=1818400883&x-signature=mMZJxW%2F8AgVBIENzvRCablCVezI%3D
6,53,53 33,3679496109874610483,【官方】到手2盒共64杯瑞幸经典系列浓缩咖啡液 黑咖啡,¥138,瑞幸即享官方旗舰店,¥100万 - ¥250万,25万 - 50万,1万 - 2.5万,10% - 15%,3679496109874610483_53,https://p3-aio.ecombdimg.com/obj/ecom-shop-material/jpeg_m_1fae624b767f8d2342448ba05e740603_sx_236827_www1200-1200,https://p6-ecom-qualification-sign.ecombdimg.com/tos-cn-i-6vegkygxbk/815e4d8a726f44b09ddb08116ff431e2~tplv-6vegkygxbk-s:750.image?lk3s=c9156bde&x-expires=1818404257&x-signature=%2BaXiHfmVo%2F9VVVaq6gS2l%2BjNrO0%3D
6,54,54 首次上榜,3686841463599136840,【3箱装】轻上100%椰子水含电解质东南亚椰源【孕妇可喝】椰子水饮料,¥119,轻上官方旗舰店,¥100万 - ¥250万,25万 - 50万,1万 - 2.5万,10% - 15%,3686841463599136840_54,https://p9-aio.ecombdimg.com/obj/ecom-shop-material/jpeg_m_c2c4ac138a8f88f0d39ff01a32e694d4_sx_544866_www800-800,https://p3-ecom-qualification-sign.ecombdimg.com/tos-cn-i-6vegkygxbk/aaa59cf75d2b40779d1413bfb66aa5a1~tplv-6vegkygxbk-s:750.image?lk3s=c9156bde&x-expires=1818402799&x-signature=Vs5qh17x3c1ljsHVHklfEWK52g4%3D
6,55,55 19,3766378043170488343,海河3.6g蛋白质全脂纯牛奶 200ml*10盒*2箱/4箱/8箱,¥39-¥158,海河食品旗舰店,¥100万 - ¥250万,10万 - 25万,2.5万 - 5万,15% - 20%,3766378043170488343_55,https://p3-aio.ecombdimg.com/obj/ecom-shop-material/png_m_d1ab081570c38931906b47573d74c394_sx_716451_www800-800,https://p6-ecom-qualification-sign.ecombdimg.com/tos-cn-i-6vegkygxbk/065aadc1aca44e26a0ca09df4fa8c5e4~tplv-6vegkygxbk-s:750.image?lk3s=c9156bde&x-expires=1818402807&x-signature=xGVfvBOVXqXo2WMHyJdlqfN%2FwUA%3D
6,56,56 32,3683254828894650486,【弱碱性饮品饮料】依能碱性天然苏打水饮品饮用水400ml健康生活,¥45-¥229,依能官方旗舰店,¥100万 - ¥250万,25万 - 50万,2.5万 - 5万,15% - 20%,3683254828894650486_56,https://p3-aio.ecombdimg.com/obj/ecom-shop-material/jpeg_m_d3ba8a321b61ac55cb575b3e676e32c0_sx_187917_www800-800,https://p6-ecom-qualification-sign.ecombdimg.com/tos-cn-i-6vegkygxbk/2a4d2c03323a4c8097062df3c28dcddb~tplv-6vegkygxbk-s:750.image?lk3s=c9156bde&x-expires=1818403203&x-signature=PPZce0GI1tflLabZiXLV3nT7hv0%3D
6,57,57 19,3584572525138564584,【免疫球蛋白】蒙牛多维高钙中老年奶粉900g*3牛初乳益生菌高蛋白,¥280,蒙牛营养膳食旗舰店,¥100万 - ¥250万,5万 - 7.5万,"5,000 - 7,500",15% - 20%,3584572525138564584_57,https://p3-aio.ecombdimg.com/obj/ecom-shop-material/png_m_818e4f8f1232d6cda0ec752ea584536b_sx_507600_www800-800,https://p6-ecom-qualification-sign.ecombdimg.com/tos-cn-i-6vegkygxbk/e1f42de7bba34257b0b5972dc549289e~tplv-6vegkygxbk-s:750.image?lk3s=c9156bde&x-expires=1818403960&x-signature=v6P5cNN7VDtaJWcWB5zuOWaY8nI%3D
6,58,58 首次上榜,3814763688859140473,【升级3.8g优质蛋白】认养一头牛有机3.8g纯牛奶250mL10盒4箱早餐YJ,¥209,认养一头牛官方旗舰店,¥100万 - ¥250万,10万 - 25万,"7,500 - 1万",10% - 15%,3814763688859140473_58,https://p3-aio.ecombdimg.com/obj/ecom-shop-material/jpeg_m_6333fbe450f07385711d43dbe5f83605_sx_430782_www800-800,https://p3-ecom-qualification-sign.ecombdimg.com/tos-cn-i-6vegkygxbk/89cc62db0262443f9f83b05dcb9b1f1c~tplv-6vegkygxbk-s:750.image?lk3s=c9156bde&x-expires=1818402192&x-signature=ubbk3Brt68%2FOdRjJ4RzBTbPuHYw%3D
6,59,59 13,3606792182255734676,八马升级款小青柑 正宗新会头采柑冰岛普洱熟茶六堡茶罐装,¥804-¥834,八马茶业官方旗舰店,¥100万 - ¥250万,10万 - 25万,"2,500 - 5,000",10% - 15%,3606792182255734676_59,https://p9-aio.ecombdimg.com/obj/ecom-shop-material/jpeg_m_55d6e7ca9657f0725bc138d186424db3_sx_333358_www800-800,https://p3-ecom-qualification-sign.ecombdimg.com/tos-cn-i-6vegkygxbk/c7d85b52aa6e4726965f6f3ae8e10afc~tplv-6vegkygxbk-s:750.image?lk3s=c9156bde&x-expires=1818403629&x-signature=DALSDn%2FSzII0Q7ei%2FZaZRz1FmXI%3D
6,60,60 首次上榜,3751163946242015392,【送保温箱】认养一头牛鲜奶低温冷藏吨吨牛乳200ml*12瓶*3期GQ,¥219,认养一头牛低温旗舰店,¥100万 - ¥250万,10万 - 25万,"7,500 - 1万",7.5% - 10%,3751163946242015392_60,https://p3-aio.ecombdimg.com/obj/ecom-shop-material/jpeg_m_bb50a43fda28533cec0c90d8836e272f_sx_336842_www1440-1440,https://p6-ecom-qualification-sign.ecombdimg.com/tos-cn-i-6vegkygxbk/cad55776cca1417ba05d2b6732494e77~tplv-6vegkygxbk-s:750.image?lk3s=c9156bde&x-expires=1818402193&x-signature=Z80o21ZjXKymCpKlmUVtY6uUlXc%3D
7,61,61 首次上榜,3835919810848489878,牛油果增代益生菌咖啡含多种专利益生菌+鱼胶原蛋白肽,¥399,轻小盈咖啡店,¥100万 - ¥250万,5万 - 7.5万,"2,500 - 5,000",10% - 15%,3835919810848489878_61,https://p9-aio.ecombdimg.com/obj/ecom-shop-material/jpeg_m_68c1cd812f69f4412407754f282cf848_sx_320059_www1080-1080,https://p6-ecom-qualification-sign.ecombdimg.com/tos-cn-i-6vegkygxbk/5b2482c6795043b597a18a13fb2b0fa5~tplv-6vegkygxbk-s:750.image?lk3s=c9156bde&x-expires=1818403902&x-signature=oVa3Bm2eIqsByjgIDhPnLc58uMc%3D
7,62,62 首次上榜,3780689765616189661,【溯源专属】华夏丝路源头工厂营养高钙富硒益生菌驼乳粉1000克*1袋,¥368-¥688,华夏丝路官方旗舰店,¥100万 - ¥250万,10万 - 25万,"2,500 - 5,000",7.5% - 10%,3780689765616189661_62,https://p3-aio.ecombdimg.com/obj/ecom-shop-material/jpeg_m_8c412ca54741437beaaca017e31be9eb_sx_120486_www800-800,https://p6-ecom-qualification-sign.ecombdimg.com/tos-cn-i-6vegkygxbk/d13addf44cc549c0ae4499ab2eb1b35d~tplv-6vegkygxbk-s:750.image?lk3s=c9156bde&x-expires=1818404256&x-signature=v9szjqBSQDOfo02uEeyxrO8ubfg%3D
7,63,63 首次上榜,3830780532388659757,【总监价到】燕之坊五黑芝麻糊营养早代餐黑芝麻核桃黑豆粉冲泡米糊,¥99,燕之坊膳食旗舰店,¥100万 - ¥250万,10万 - 25万,1万 - 2.5万,10% - 15%,3830780532388659757_63,https://p3-aio.ecombdimg.com/obj/ecom-shop-material/jpeg_m_17d15b2886b37484306d5b7248ba6650_sx_526124_www800-800,https://p6-ecom-qualification-sign.ecombdimg.com/tos-cn-i-6vegkygxbk/c71253aea98048e9b8cc8390853e6088~tplv-6vegkygxbk-s:750.image?lk3s=c9156bde&x-expires=1818403666&x-signature=%2BuxKzOS%2BZrnBat5L1pWOK4bhETw%3D
7,64,64 19,3748568134462865775,【梅婷推荐】飞鹤爱上吃菜蔬菜奶酪高膳食纤维乳酪0蔗糖宝宝奶酪,¥39-¥74,飞鹤乳制品旗舰店,¥100万 - ¥250万,25万 - 50万,2.5万 - 5万,15% - 20%,3748568134462865775_64,https://p9-aio.ecombdimg.com/obj/ecom-shop-material/jpeg_m_90503497b47210ff2dd4a6d5a4b7bcf9_sx_275218_www800-800,https://p3-ecom-qualification-sign.ecombdimg.com/tos-cn-i-6vegkygxbk/971e991e5ab44045be76ea92ff9736bf~tplv-6vegkygxbk-s:750.image?lk3s=c9156bde&x-expires=1818401729&x-signature=9Molz%2BFoWTzXGq%2BbzErmcMHxDNc%3D
7,65,65 38,3610521470163383038,【0蔗糖*2桶】共4斤酸甜大份量酸奶无蔗糖健身轻食早餐代餐（自播）,¥39,雪宝乳品旗舰店,¥100万 - ¥250万,25万 - 50万,2.5万 - 5万,10% - 15%,3610521470163383038_65,https://p3-aio.ecombdimg.com/obj/ecom-shop-material/jpeg_m_ca7d3586b4b034469b20343c33055935_sx_1054455_www1200-1200,https://p3-ecom-qualification-sign.ecombdimg.com/tos-cn-i-6vegkygxbk/00c28df700244ac588778ab3f0cdb5f8~tplv-6vegkygxbk-s:750.image?lk3s=c9156bde&x-expires=1818401631&x-signature=CGUoTLXoBpvFSecGRI0SI7%2FKYQ0%3D
7,66,66 57,3773995562815324283,【达人推荐】悦鲜活0.09秒杀菌鲜牛奶450ml*6瓶+A2-450ml*2瓶,¥69,悦鲜活官方旗舰店,¥100万 - ¥250万,50万 - 75万,1万 - 2.5万,5% - 7.5%,3773995562815324283_66,https://p3-aio.ecombdimg.com/obj/ecom-shop-material/jpeg_m_c7db1c7797ac1e6c680c75b50eba6116_sx_597964_www800-800,https://p6-ecom-qualification-sign.ecombdimg.com/tos-cn-i-6vegkygxbk/376e534e6ac14bf6bfe2c09f634f0751~tplv-6vegkygxbk-s:750.image?lk3s=c9156bde&x-expires=1818401965&x-signature=UQghfRyxEa6uCV3fYMauKqhUrSc%3D
7,67,67 首次上榜,3825206384312582620,兰格格兰格格24菌补充瓶240g酸奶 0蔗糖益生菌酸奶24种活菌zb,¥21-¥87,兰格格乳品旗舰店,¥100万 - ¥250万,75万 - 100万,5万 - 7.5万,15% - 20%,3825206384312582620_67,https://p3-aio.ecombdimg.com/obj/ecom-shop-material/jpeg_m_9d77f1231941a31e48b019b728d6addb_sx_287690_www800-800,https://p6-ecom-qualification-sign.ecombdimg.com/tos-cn-i-6vegkygxbk/9bea60a603a043ffa0622a6af90d6c10~tplv-6vegkygxbk-s:750.image?lk3s=c9156bde&x-expires=1818401722&x-signature=ePmRyzj7j1WJko0e%2BuQBCbEgXeE%3D
7,68,68 10,3497342657372493313,【大理牧场】欧亚高原全脂纯牛奶200g*20盒/箱学生青草儿童,¥59,欧亚官方旗舰店,¥100万 - ¥250万,10万 - 25万,2.5万 - 5万,20% - 25%,3497342657372493313_68,https://p9-aio.ecombdimg.com/obj/ecom-shop-material/jpeg_m_d613656560b3f48f422b47973891eac2_sx_317913_www800-800,https://p3-ecom-qualification-sign.ecombdimg.com/tos-cn-i-tsivw11p2g/ab7ef82961ad46bb8607c7b59f08c317~tplv-6vegkygxbk-s:750.image?lk3s=c9156bde&x-expires=1818401211&x-signature=r3RAL6ZFapBP%2FHHep4kfIpIEduQ%3D
7,69,69 首次上榜,3820565770874781807,5100西藏冰川弱碱低氘小分子天然矿泉水330ml*15瓶/箱,¥180-¥472,5100 藏冰川水饮旗舰店,¥100万 - ¥250万,10万 - 25万,1万 - 2.5万,10% - 15%,3820565770874781807_69,https://p9-aio.ecombdimg.com/obj/ecom-shop-material/jpeg_m_58fb91ce1183e85dec42c27b463610e8_sx_468708_www821-821,https://p3-ecom-qualification-sign.ecombdimg.com/tos-cn-i-6vegkygxbk/b3267ae73456497eb1091191ac0b06fc~tplv-6vegkygxbk-s:750.image?lk3s=c9156bde&x-expires=1818403147&x-signature=P1rrkapc5aGPL5I7jIp%2B95tilPg%3D
7,70,70 首次上榜,3785127433007661997,【清华博士后协明星朋友强力推荐】漂亮答案三盒金顶侧耳饮料+试用,¥899,漂亮答案饮品旗舰店,¥100万 - ¥250万,2.5万 - 5万,"2,500 - 5,000",15% - 20%,3785127433007661997_70,https://p9-aio.ecombdimg.com/obj/ecom-shop-material/jpeg_m_020b256afa9d8360413d21bd34172ea8_sx_730224_www1000-1000,https://p3-ecom-qualification-sign.ecombdimg.com/tos-cn-i-6vegkygxbk/e95402e031a14cbabd3dc011daf39652~tplv-6vegkygxbk-s:750.image?lk3s=c9156bde&x-expires=1818403984&x-signature=A36U3%2FNQM1GDwO19DTWOx8ujmJk%3D
8,71,71 1,3737618162745737504,【经典复购首选】石斛元气饮料无花果薏仁红枣轻饮品饮料石斛水,¥29,现代九草水饮旗舰店,¥100万 - ¥250万,25万 - 50万,2.5万 - 5万,15% - 20%,3737618162745737504_71,https://p3-aio.ecombdimg.com/obj/ecom-shop-material/jpeg_m_2871b49b0367b87d2a1ab4fd64d5cd81_sx_280865_www800-800,https://p3-ecom-qualification-sign.ecombdimg.com/tos-cn-i-6vegkygxbk/65370cb613c940f78e6e84e77c9b695f~tplv-6vegkygxbk-s:750.image?lk3s=c9156bde&x-expires=1818401549&x-signature=d95ZwSDS8%2Fi4Mws8oGBW6w6sDrk%3D
8,72,72 首次上榜,3836344591771107375,【小规格双月周期购】悦鲜活营养A2型低温鲜牛奶260ml*60瓶,¥396,悦鲜活官方旗舰店,¥100万 - ¥250万,10万 - 25万,"2,500 - 5,000",2.5% - 5%,3836344591771107375_72,https://p9-aio.ecombdimg.com/obj/ecom-shop-material/jpeg_m_c9b0d4c0805d53151c49240d36396adb_sx_321220_www800-800,https://p6-ecom-qualification-sign.ecombdimg.com/tos-cn-i-6vegkygxbk/376e534e6ac14bf6bfe2c09f634f0751~tplv-6vegkygxbk-s:750.image?lk3s=c9156bde&x-expires=1818401965&x-signature=UQghfRyxEa6uCV3fYMauKqhUrSc%3D
8,73,73 25,3731136492299485601,【超值家庭装】6大包-42小包-（古法调配-手工研磨）山药粉,¥99,巧农婆营养食品旗舰店,¥100万 - ¥250万,10万 - 25万,1万 - 2.5万,20% - 25%,3731136492299485601_73,https://p9-aio.ecombdimg.com/obj/ecom-shop-material/png_m_3cf1fe98319d2b07c48ac9ba36acb522_sx_839721_www800-800,https://p3-ecom-qualification-sign.ecombdimg.com/tos-cn-i-6vegkygxbk/85b20886caef4da4ad9b72b5b68b046b~tplv-6vegkygxbk-s:750.image?lk3s=c9156bde&x-expires=1818404178&x-signature=PN%2BgO8KkvUGfOpZFy%2BLaAkrtjpA%3D
8,74,74 17,3727753425866326247,4两新疆奶纯牛奶200g*8/16袋天山奶源新鲜奶味浓郁,¥21-¥41,北亩时倾官方旗舰店,¥100万 - ¥250万,10万 - 25万,2.5万 - 5万,20% - 25%,3727753425866326247_74,https://p3-aio.ecombdimg.com/obj/ecom-shop-material/jpeg_m_26c7d9344aa9123890063dd7aecd9d15_sx_555794_www2048-2048,https://p6-ecom-qualification-sign.ecombdimg.com/tos-cn-i-6vegkygxbk/1e4d817e063c4892b778de4b72c8cd01~tplv-6vegkygxbk-s:750.image?lk3s=c9156bde&x-expires=1818402794&x-signature=qD6QbBjlAoawpSa%2FU9XRSJnAB%2F8%3D
8,75,75 首次上榜,3835028250757824892,海河 港式鸳鸯拿铁/阿拉比卡咖啡拿铁 咖色心情系列 220ml*10,¥29,海河食品旗舰店,¥100万 - ¥250万,25万 - 50万,2.5万 - 5万,15% - 20%,3835028250757824892_75,https://p9-aio.ecombdimg.com/obj/ecom-shop-material/jpeg_m_c81224b42f09adf3dba14d581818a15d_sx_653812_www800-800,https://p6-ecom-qualification-sign.ecombdimg.com/tos-cn-i-6vegkygxbk/065aadc1aca44e26a0ca09df4fa8c5e4~tplv-6vegkygxbk-s:750.image?lk3s=c9156bde&x-expires=1818402807&x-signature=xGVfvBOVXqXo2WMHyJdlqfN%2FwUA%3D
8,76,76 首次上榜,3834419282377310289,【众驼】初乳配方驼奶粉新疆奶源营养骆驼奶粉ZT-102,¥1192,众驼驼奶粉工厂店,¥100万 - ¥250万,1万 - 2.5万,"2,500 - 5,000",25% - 30%,3834419282377310289_76,https://p9-aio.ecombdimg.com/obj/ecom-shop-material/jpeg_m_273fe8797da60b58119addf7d58d53bb_sx_1009417_www1254-1254,https://p3-ecom-qualification-sign.ecombdimg.com/tos-cn-i-6vegkygxbk/8cd883e7b64c495d910ae864856ce782~tplv-6vegkygxbk-s:750.image?lk3s=c9156bde&x-expires=1818401171&x-signature=v0aXVVf%2BQMpIvNvx%2FPm1x4Cjv40%3D
8,77,77 首次上榜,3813536120642339070,【便携条装】五谷磨房健康早餐办公室搭子核桃芝麻黑豆粉2盒,¥59,五谷磨房食品旗舰店,¥100万 - ¥250万,25万 - 50万,2.5万 - 5万,15% - 20%,3813536120642339070_77,https://p3-aio.ecombdimg.com/obj/ecom-shop-material/png_m_95422722caeb399bddffd59e836cd874_sx_725653_www800-800,https://p6-ecom-qualification-sign.ecombdimg.com/tos-cn-i-6vegkygxbk/38418ce1477341a9ab1dc1c0661d179f~tplv-6vegkygxbk-s:750.image?lk3s=c9156bde&x-expires=1818403218&x-signature=cxaYvJr%2BILmUpUYIuaXDo%2BsYxIE%3D
8,78,78 首次上榜,3831654627095478673,【鱼博士专属】欣善怡澳洲进口麦片健身代餐全麦脆谷物1.4kg/1.2kg,¥59-¥139,欣善怡官方旗舰店,¥100万 - ¥250万,25万 - 50万,1万 - 2.5万,10% - 15%,3831654627095478673_78,https://p9-aio.ecombdimg.com/obj/ecom-shop-material/jpeg_m_32043c7dffd580148ee20e6b83c0c18e_sx_531443_www800-800,https://p3-ecom-qualification-sign.ecombdimg.com/tos-cn-i-6vegkygxbk/16016beb4481486195edac9d35f09ad3~tplv-6vegkygxbk-s:750.image?lk3s=c9156bde&x-expires=1818402806&x-signature=QTXiWj2SaorSEM2UipUXeRqX4M0%3D
8,79,79 28,3813506652821390130,一鸣低温泰国茉莉香米米乳牛奶200ml/瓶早餐奶,¥59-¥72,一鸣官方旗舰店,¥100万 - ¥250万,25万 - 50万,1万 - 2.5万,7.5% - 10%,3813506652821390130_79,https://p9-aio.ecombdimg.com/obj/ecom-shop-material/jpeg_m_1085950549ee8a50abcbf9fc0ed86e42_sx_565098_www800-800,https://p6-ecom-qualification-sign.ecombdimg.com/tos-cn-i-6vegkygxbk/67abfe4cead54f96ab88b68fdd634d5e~tplv-6vegkygxbk-s:750.image?lk3s=c9156bde&x-expires=1818401566&x-signature=%2BWiSJ%2FumEQ30GF4zxAvafmkyuvk%3D
8,80,80 首次上榜,3812388451727310949,【总监专属】金味醇香原味红藜麦亚麻籽冲饮麦片燕麦片方便即食早餐,¥99,金味营养食品旗舰店,¥100万 - ¥250万,7.5万 - 10万,1万 - 2.5万,25% - 30%,3812388451727310949_80,https://p3-aio.ecombdimg.com/obj/ecom-shop-material/png_m_5217f464cbe3023abec4f925221cd68d_sx_2088726_www1080-1080,https://p6-ecom-qualification-sign.ecombdimg.com/tos-cn-i-6vegkygxbk/36f0322ed1e345e0ad5a506aa4592fb0~tplv-6vegkygxbk-s:750.image?lk3s=c9156bde&x-expires=1818404437&x-signature=3lCuBA%2FuhYTV10%2BbBLlXFAqly0M%3D
9,81,81 首次上榜,3753405032276558406,【赵露思同款】LeTea乐品乐茶冷泡茶高端原叶袋泡茶包花果茶叶饮料,¥119,乐品乐茶官方旗舰店,¥100万 - ¥250万,25万 - 50万,1万 - 2.5万,7.5% - 10%,3753405032276558406_81,https://p9-aio.ecombdimg.com/obj/ecom-shop-material/png_m_860c34056b259b101e3fc22fd78997d7_sx_1910486_www1024-1024,https://p6-ecom-qualification-sign.ecombdimg.com/tos-cn-i-6vegkygxbk/9276103ef9ad4e8ca39d47525bceb268~tplv-6vegkygxbk-s:750.image?lk3s=c9156bde&x-expires=1818404247&x-signature=zzleicvP3vqz1YFgSHEI0heRoeI%3D
9,82,82 30,3726330838200221735,【总监价到送搅拌杯】维维减糖豆奶豆浆粉速食冲饮早餐上班学生W,¥89,维维官方旗舰店,¥100万 - ¥250万,10万 - 25万,1万 - 2.5万,10% - 15%,3726330838200221735_82,https://p3-aio.ecombdimg.com/obj/ecom-shop-material/png_m_b5fff1c274dbb57137e9d8205d61f377_sx_586708_www800-800,https://p3-ecom-qualification-sign.ecombdimg.com/tos-cn-i-6vegkygxbk/a5d50ad95d93475ea6284e186bf9d0ed~tplv-6vegkygxbk-s:750.image?lk3s=c9156bde&x-expires=1818404304&x-signature=F9wN%2FmBv6qED%2FWh027C9vSQmQOk%3D
9,83,83 首次上榜,3756059500382126890,认养一头牛A2 β-酪蛋白Hello Kitty纯牛奶200ml*10盒*4箱梦幻盖DP,¥199,认养一头牛官方旗舰店,¥100万 - ¥250万,10万 - 25万,"7,500 - 1万",5% - 7.5%,3756059500382126890_83,https://p9-aio.ecombdimg.com/obj/ecom-shop-material/png_m_baae7216a46d68485f0991980f01cefc_sx_1434750_www1080-1080,https://p3-ecom-qualification-sign.ecombdimg.com/tos-cn-i-6vegkygxbk/89cc62db0262443f9f83b05dcb9b1f1c~tplv-6vegkygxbk-s:750.image?lk3s=c9156bde&x-expires=1818402192&x-signature=ubbk3Brt68%2FOdRjJ4RzBTbPuHYw%3D
9,84,84 2,3777493543053033682,夏日悦己｜后谷鎏金58冻干黑咖啡粉400次无蔗糖云南速溶美式咖啡豆,¥99-¥139,后谷咖啡官方旗舰店,¥100万 - ¥250万,10万 - 25万,1万 - 2.5万,15% - 20%,3777493543053033682_84,https://p9-aio.ecombdimg.com/obj/ecom-shop-material/png_m_1229eb7bac2207962606a455fa56a8e7_sx_1805023_www1080-1080,https://p3-ecom-qualification-sign.ecombdimg.com/tos-cn-i-6vegkygxbk/a1caa5208b494ebabb665527605e5dec~tplv-6vegkygxbk-s:750.image?lk3s=c9156bde&x-expires=1818401903&x-signature=JPehTgNe50XkTY0zd4KN80Sj0tw%3D
9,85,85 4,3808091727579971664,【黑土限定】认养一头牛纯牛奶粉100%生牛乳高钙高蛋白700g/罐-FDB,¥69-¥238,认养一头牛奶粉旗舰店,¥100万 - ¥250万,5万 - 7.5万,"5,000 - 7,500",10% - 15%,3808091727579971664_85,https://p9-aio.ecombdimg.com/obj/ecom-shop-material/jpeg_m_bf3204c1be4f4da12e4e7d30245e02f4_sx_578283_www800-800,https://p6-ecom-qualification-sign.ecombdimg.com/tos-cn-i-6vegkygxbk/3decec31906e4144994f25cf25a0ae02~tplv-6vegkygxbk-s:750.image?lk3s=c9156bde&x-expires=1818404245&x-signature=MDIfV4G6Zc5caifUqdYoWhKWsHs%3D
9,86,86 33,3827259258211270858,【数量改5拍】到手700克寸泉MCT生酮咖啡升级款早餐速溶咖啡粉黄油,¥59,扁角鹿冲饮店,¥100万 - ¥250万,25万 - 50万,10万 - 25万,10% - 15%,3827259258211270858_86,https://p3-aio.ecombdimg.com/obj/ecom-shop-material/jpeg_m_6ef5475ea02d6d168c8492567f9f6af0_sx_641064_www1280-1280,https://p3-ecom-qualification-sign.ecombdimg.com/tos-cn-i-6vegkygxbk/12d90b938b3c430ab88cb69590b489c2~tplv-6vegkygxbk-s:750.image?lk3s=c9156bde&x-expires=1818404311&x-signature=%2FYX4HCgfXMUV4Ij%2BmGsS%2BhYI%2F8U%3D
9,87,87 首次上榜,3825631358433230881,【油切小青柑】天马柑+宫廷熟普 一颗喝整天 清爽不挑人 方便携带,¥99-¥198,星品膳福建省安溪洋誉茶业有限公司专卖店,¥100万 - ¥250万,7.5万 - 10万,"5,000 - 7,500",15% - 20%,3825631358433230881_87,https://p3-aio.ecombdimg.com/obj/ecom-shop-material/png_m_e85bf7fc30021000fa8c783771c0fe56_sx_956066_www751-751,https://p6-ecom-qualification-sign.ecombdimg.com/tos-cn-i-6vegkygxbk/135fb87f326b4ad69dffa49b623ed3d6~tplv-6vegkygxbk-s:750.image?lk3s=c9156bde&x-expires=1818402797&x-signature=ajP4zwZD3iVmDuwv0d9KWOmbkBA%3D
9,88,88 26,3831499048246969022,伊利脱脂纯牛奶250ml*24盒*2箱 0脂肪营养健康早餐奶（7月）,¥119,伊利牛奶旗舰店,¥100万 - ¥250万,7.5万 - 10万,1万 - 2.5万,15% - 20%,3831499048246969022_88,https://p9-aio.ecombdimg.com/obj/ecom-shop-material/jpeg_m_6a958a59485d1a10359557aa8173921e_sx_310017_www800-800,https://p6-ecom-qualification-sign.ecombdimg.com/tos-cn-i-6vegkygxbk/2aff81137ebd4f41b61a69982308184a~tplv-6vegkygxbk-s:750.image?lk3s=c9156bde&x-expires=1818404251&x-signature=e%2B936aS9nlNVgzrurF0L4zDtzvI%3D
9,89,89 首次上榜,3831154370695790813,【营养师凯文专属】认养一头牛4.0蛋白脱脂纯牛奶200ml*12盒*2箱cn,¥79,认养一头牛旗舰店,¥100万 - ¥250万,10万 - 25万,1万 - 2.5万,15% - 20%,3831154370695790813_89,https://p9-aio.ecombdimg.com/obj/ecom-shop-material/jpeg_m_8825db943acc893ad632d6fe00908154_sx_422557_www800-800,https://p6-ecom-qualification-sign.ecombdimg.com/tos-cn-i-6vegkygxbk/801b4f9e245f4e00815a956a8734fb3f~tplv-6vegkygxbk-s:750.image?lk3s=c9156bde&x-expires=1818401835&x-signature=CYBpCQGqJ7zlxkS2b%2Fpd7Rmpy1g%3D
9,90,90 首次上榜,3822220336133439691,伊利脱脂纯牛奶250ml*24盒*2箱 0脂肪营养健康早餐奶（7-8月）,¥119,伊利牛奶旗舰店,¥100万 - ¥250万,10万 - 25万,1万 - 2.5万,15% - 20%,3822220336133439691_90,https://p3-aio.ecombdimg.com/obj/ecom-shop-material/jpeg_m_6a958a59485d1a10359557aa8173921e_sx_310017_www800-800,https://p6-ecom-qualification-sign.ecombdimg.com/tos-cn-i-6vegkygxbk/2aff81137ebd4f41b61a69982308184a~tplv-6vegkygxbk-s:750.image?lk3s=c9156bde&x-expires=1818404251&x-signature=e%2B936aS9nlNVgzrurF0L4zDtzvI%3D
10,91,91 首次上榜,3771765362316673049,【石家庄市中医院】杏仁七白饮全新配方 科学配比真材实料直播专享,¥39-¥79,石家庄市中医院养生茶旗舰店,¥100万 - ¥250万,10万 - 25万,1万 - 2.5万,20% - 25%,3771765362316673049_91,https://p3-aio.ecombdimg.com/obj/ecom-shop-material/jpeg_m_4c55e2030ca3a63800aa7a3fb6001150_sx_656343_www1000-1000,https://p3-ecom-qualification-sign.ecombdimg.com/tos-cn-i-6vegkygxbk/3d37e45f07f74db8883d483784548bad~tplv-6vegkygxbk-s:750.image?lk3s=c9156bde&x-expires=1818402665&x-signature=gO4R39bJ0VNwYnf8zf0HsISsA9Q%3D
10,92,92 31,3512056513067907289,茶口乐【清新口气润喉护齿】真茶鲜萃草本配比0糖0脂约会七夕茶含片,¥39-¥99,茶口乐官方旗舰店,¥100万 - ¥250万,10万 - 25万,2.5万 - 5万,20% - 25%,3512056513067907289_92,https://p9-aio.ecombdimg.com/obj/ecom-shop-material/jpeg_m_5c06173ab298edc495532c9f8cdeb769_sx_154319_www800-800,https://p6-ecom-qualification-sign.ecombdimg.com/tos-cn-i-6vegkygxbk/63b20ca2e208433f849b0064d8312be2~tplv-6vegkygxbk-s:750.image?lk3s=c9156bde&x-expires=1818404255&x-signature=wUFG1slqugJUJ7YlVuXfEN3vPfQ%3D
10,93,93 首次上榜,3828558400078348288,2026茉莉雪螺冷泡茶浓香型茉莉花茶浓香新茶花香奶香浓郁雪螺王八,¥49-¥89,源头甄选好茶,¥100万 - ¥250万,25万 - 50万,1万 - 2.5万,10% - 15%,3828558400078348288_93,https://p9-aio.ecombdimg.com/obj/ecom-shop-material/png_m_55e2dad30ad52682d20a453c101d855a_sx_2375482_www1079-1079,https://p3-ecom-qualification-sign.ecombdimg.com/tos-cn-i-6vegkygxbk/4520bbfabf0141bfbdd247575aee40a3~tplv-6vegkygxbk-s:750.image?lk3s=c9156bde&x-expires=1818401529&x-signature=%2Brf3sTX1iMmHccleU9bLSY3yMpw%3D
10,94,94 首次上榜,3818917622221767132,【星小熊tritan杯】星巴克咖啡液冰美式加浓咖啡早餐打工人七夕礼物,¥239,星巴克家享咖啡咖啡旗舰店,¥100万 - ¥250万,10万 - 25万,"5,000 - 7,500",7.5% - 10%,3818917622221767132_94,https://p9-aio.ecombdimg.com/obj/ecom-shop-material/jpeg_m_3d8f9159d5322ae95d5e654212612755_sx_465019_www800-800,https://p6-ecom-qualification-sign.ecombdimg.com/tos-cn-i-6vegkygxbk/e3e4b81e56264efd838fbe86f2c3bef9~tplv-6vegkygxbk-s:750.image?lk3s=c9156bde&x-expires=1818403133&x-signature=ip8ChV4Iz742pBOX51SDSmoxo0w%3D
10,95,95 首次上榜,3819973076033077595,【白兰花茉莉花茶】大叶雪芽七窨,¥229,南山嘉茶,¥100万 - ¥250万,7.5万 - 10万,"5,000 - 7,500",10% - 15%,3819973076033077595_95,https://p9-aio.ecombdimg.com/obj/ecom-shop-material/png_m_258f15173323124031646a8024084a60_sx_816133_www800-800,https://p6-ecom-qualification-sign.ecombdimg.com/tos-cn-i-6vegkygxbk/99fa71c3aeaf45a59d15edf81ff09cba~tplv-6vegkygxbk-s:750.image?lk3s=c9156bde&x-expires=1818401851&x-signature=M%2F6sQYi4ZrsaxXO8fBFQNTOKxMM%3D
10,96,96 -,3748052210290917871,【内蒙直发】正宗奶皮子酸奶无添加剂可嚼拌营养代餐,¥39-¥93,蒙域佳农奶制品企业店,¥100万 - ¥250万,10万 - 25万,1万 - 2.5万,15% - 20%,3748052210290917871_96,https://p3-aio.ecombdimg.com/obj/ecom-shop-material/jpeg_m_5b0fc4a573fc1d3f7576a7b20e4ee45c_sx_1108264_www1276-1276,https://p3-ecom-qualification-sign.ecombdimg.com/tos-cn-i-6vegkygxbk/e9d4e7b7bef248a8a640d6e1c1190328~tplv-6vegkygxbk-s:750.image?lk3s=c9156bde&x-expires=1818400931&x-signature=7%2BlITE6ed6fXOXITgjybNhAdqFM%3D
10,97,97 首次上榜,3836927657052864687,【999惊喜】福利礼包 - 茶膏,¥999,玺泉知意茶叶专卖店,¥100万 - ¥250万,"5,000 - 7,500","1,000 - 2,500",45% - 50%,3836927657052864687_97,https://p3-aio.ecombdimg.com/obj/ecom-shop-material/jpeg_m_c5e9380194dcb69b9b7d1c70ecbc3044_sx_407948_www2000-2000,https://p3-ecom-qualification-sign.ecombdimg.com/tos-cn-i-6vegkygxbk/4d945de051a04fd9b2f92bf40d03efb0~tplv-6vegkygxbk-s:750.image?lk3s=c9156bde&x-expires=1818401726&x-signature=0qt%2BHQpAhdRX8Lt6wSCeonnlhrw%3D
10,98,98 85,3780869634299920394,【新鲜日期】认养一头牛4.0蛋白质纯牛奶125ml*12盒*3箱营养早餐-cn,¥89,认养一头牛旗舰店,¥100万 - ¥250万,10万 - 25万,1万 - 2.5万,10% - 15%,3780869634299920394_98,https://p3-aio.ecombdimg.com/obj/ecom-shop-material/jpeg_m_be7262ad70c8e88c0f716a614d28d154_sx_387984_www800-800,https://p6-ecom-qualification-sign.ecombdimg.com/tos-cn-i-6vegkygxbk/801b4f9e245f4e00815a956a8734fb3f~tplv-6vegkygxbk-s:750.image?lk3s=c9156bde&x-expires=1818401835&x-signature=CYBpCQGqJ7zlxkS2b%2Fpd7Rmpy1g%3D
10,99,99 首次上榜,3831898280531460190,小妹家杏仁臻白饮一盒250克,¥65-¥195,葛家妹子葛家妹子营养食品专卖店,¥100万 - ¥250万,7.5万 - 10万,"5,000 - 7,500",15% - 20%,3831898280531460190_99,https://p3-aio.ecombdimg.com/obj/ecom-shop-material/png_m_e875f746b9c43da3e10fd24823c4a5b7_sx_898605_www811-811,https://p6-ecom-qualification-sign.ecombdimg.com/tos-cn-i-6vegkygxbk/138e60b816674ec9a3d045f6151d824e~tplv-6vegkygxbk-s:750.image?lk3s=c9156bde&x-expires=1818403992&x-signature=ZYmzo8z%2BzPTewj8jHY0hTrSn2ec%3D
10,100,100 91,3750974069982495200,【认养一头牛】 4.0纯牛奶200ml*16盒*2箱-YH,¥89-¥158,认养一头牛官方旗舰店,¥100万 - ¥250万,7.5万 - 10万,1万 - 2.5万,15% - 20%,3750974069982495200_100,https://p9-aio.ecombdimg.com/obj/ecom-shop-material/jpeg_m_92888cc908a3f2f7bd2ec79e766d80b0_sx_667903_www1110-1110,https://p3-ecom-qualification-sign.ecombdimg.com/tos-cn-i-6vegkygxbk/89cc62db0262443f9f83b05dcb9b1f1c~tplv-6vegkygxbk-s:750.image?lk3s=c9156bde&x-expires=1818402192&x-signature=ubbk3Brt68%2FOdRjJ4RzBTbPuHYw%3D
11,101,101 首次上榜,3781776387803840900,【日夜搭配三件套】FITO菲途咖啡黑白绷带阿拉比卡拿铁咖啡S2,¥299,FITO官方旗舰店,¥100万 - ¥250万,7.5万 - 10万,"2,500 - 5,000",10% - 15%,3781776387803840900_101,https://p9-aio.ecombdimg.com/obj/ecom-shop-material/jpeg_m_c97a6e5b08fff1559488b175a61ce31a_sx_243436_www1200-1200,https://p6-ecom-qualification-sign.ecombdimg.com/tos-cn-i-6vegkygxbk/d8ed4212f6c54796b8dd2c56b470c225~tplv-6vegkygxbk-s:750.image?lk3s=c9156bde&x-expires=1818402797&x-signature=2QE2Nso9srK8gzm2L0S9701rxHA%3D
11,102,102 首次上榜,3836923233244939072,【2999惊喜】福利礼包 - 茶膏,¥2999,玺泉知意茶叶专卖店,¥100万 - ¥250万,"2,500 - 5,000",250 - 500,30% - 35%,3836923233244939072_102,https://p3-aio.ecombdimg.com/obj/ecom-shop-material/jpeg_m_c5e9380194dcb69b9b7d1c70ecbc3044_sx_407948_www2000-2000,https://p3-ecom-qualification-sign.ecombdimg.com/tos-cn-i-6vegkygxbk/4d945de051a04fd9b2f92bf40d03efb0~tplv-6vegkygxbk-s:750.image?lk3s=c9156bde&x-expires=1818401726&x-signature=0qt%2BHQpAhdRX8Lt6wSCeonnlhrw%3D
11,103,103 首次上榜,3775669421067075808,【送榨汁杯】5月日期安慕希希腊风味酸奶原味205g*10盒*3箱 wyy,¥119,安慕希官方旗舰店,¥100万 - ¥250万,7.5万 - 10万,"7,500 - 1万",15% - 20%,3775669421067075808_103,https://p9-aio.ecombdimg.com/obj/ecom-shop-material/png_m_235d257b903d3d0d7efc43ca69bce547_sx_847433_www800-800,https://p3-ecom-qualification-sign.ecombdimg.com/tos-cn-i-6vegkygxbk/3b12864a00e84e3b98f337b3b921ffee~tplv-6vegkygxbk-s:750.image?lk3s=c9156bde&x-expires=1818404257&x-signature=t18%2BHXr46dnGhjaTC9gn30si7Ag%3D
11,104,104 75,3637754096380946681,【总监专属】春光100%NFC椰子水 果蔬汁0脂肪0添加白砂糖家庭欢享,¥249,春光饮品旗舰店,¥100万 - ¥250万,2.5万 - 5万,"5,000 - 7,500",25% - 30%,3637754096380946681_104,https://p9-aio.ecombdimg.com/obj/ecom-shop-material/jpeg_m_308177824852a54cfb3f9df1d009bca0_sx_753204_www800-800,https://p6-ecom-qualification-sign.ecombdimg.com/tos-cn-i-6vegkygxbk/7f5a9b49f27547dbaee8619e002bfde8~tplv-6vegkygxbk-s:750.image?lk3s=c9156bde&x-expires=1818403459&x-signature=W5jUIYB8H7OTDDrX%2BYrWyfG6XCo%3D
11,105,105 首次上榜,3797173718841688342,驼先锋【官方正品 品牌保障】骆美吉北纬47°新疆阿勒泰驼奶粉3罐装,¥298,驼先锋台电乳品专卖店,¥100万 - ¥250万,5万 - 7.5万,"2,500 - 5,000",10% - 15%,3797173718841688342_105,https://p9-aio.ecombdimg.com/obj/ecom-shop-material/jpeg_m_368cec3118927967a58fcb119db44e34_sx_235154_www1280-1280,https://p3-ecom-qualification-sign.ecombdimg.com/tos-cn-i-6vegkygxbk/4dd48b314c3c457a80bae78d1882937e~tplv-6vegkygxbk-s:750.image?lk3s=c9156bde&x-expires=1818401070&x-signature=RDFvtCRGa3tDmvsBWGjiL9p56OA%3D
11,106,106 首次上榜,3834415118389739808,【新品尝鲜】悦鲜活早餐生牛乳低温鲜牛奶A2-450ml*10瓶,¥99,悦鲜活官方旗舰店,¥100万 - ¥250万,10万 - 25万,1万 - 2.5万,10% - 15%,3834415118389739808_106,https://p3-aio.ecombdimg.com/obj/ecom-shop-material/jpeg_m_34bf79248dc1aa1445bc76a69c76d765_sx_648135_www800-800,https://p6-ecom-qualification-sign.ecombdimg.com/tos-cn-i-6vegkygxbk/376e534e6ac14bf6bfe2c09f634f0751~tplv-6vegkygxbk-s:750.image?lk3s=c9156bde&x-expires=1818401965&x-signature=UQghfRyxEa6uCV3fYMauKqhUrSc%3D
11,107,107 24,3721639391710544088,【明星同款】fiboo.c她练绿萃咖高配冷萃咖啡液黑咖啡绿茶绿原酸LCA,¥59-¥339,FIBOO她练官方旗舰店,¥100万 - ¥250万,10万 - 25万,"7,500 - 1万",5% - 7.5%,3721639391710544088_107,https://p3-aio.ecombdimg.com/obj/ecom-shop-material/jpeg_m_e67cf81de156c3de3db22c6e3f83c71d_sx_249639_www800-800,https://p3-ecom-qualification-sign.ecombdimg.com/tos-cn-i-6vegkygxbk/4a6e28d2e4684f5d9d12fb78e8605cdc~tplv-6vegkygxbk-s:750.image?lk3s=c9156bde&x-expires=1818403405&x-signature=grBrUBbOLWWMThpHnRzOns5LfFI%3D
11,108,108 54,3632431558167804337,【夏日限定包装】金豆芽金银花柚子汁儿童饮品三伏天解渴解馋必备,¥29-¥53,金豆芽官方旗舰店,¥100万 - ¥250万,50万 - 75万,2.5万 - 5万,10% - 15%,3632431558167804337_108,https://p3-aio.ecombdimg.com/obj/ecom-shop-material/jpeg_m_e4e4d7611d2bec80190ca46db32f8d16_sx_190184_www800-800,https://p3-ecom-qualification-sign.ecombdimg.com/tos-cn-i-6vegkygxbk/0e7cb16eaff64f0e935f805b040b8216~tplv-6vegkygxbk-s:750.image?lk3s=c9156bde&x-expires=1818401311&x-signature=k7dE50hHHEI0AI0wW1Z26n3KEHI%3D
11,109,109 首次上榜,3826121727683985712,Minayo美那有镁钾微泡片矿物质维生素运动功能饮料荔枝味 zb,¥69-¥129,minayo官方旗舰店,¥100万 - ¥250万,7.5万 - 10万,1万 - 2.5万,20% - 25%,3826121727683985712_109,https://p3-aio.ecombdimg.com/obj/ecom-shop-material/jpeg_m_9eaf2ce9963a67126e2784cf993ce4f5_sx_402713_www800-800,https://p6-ecom-qualification-sign.ecombdimg.com/tos-cn-i-6vegkygxbk/53374880d8e8474baa35817d885120aa~tplv-6vegkygxbk-s:750.image?lk3s=c9156bde&x-expires=1818404320&x-signature=kA8sx5P9ILUdI372s7Gu9K%2BVNE4%3D
11,110,110 首次上榜,3729619894266888629,西域美农欧若姆鲜奶皮plus奶皮子酸奶内蒙特产零食内蒙古奶制品,¥32-¥89,西域美农营养食品旗舰店,¥100万 - ¥250万,25万 - 50万,1万 - 2.5万,7.5% - 10%,3729619894266888629_110,https://p9-aio.ecombdimg.com/obj/ecom-shop-material/png_m_9c60a26573b4dae127de8005c98c9c72_sx_1993927_www1254-1254,https://p6-ecom-qualification-sign.ecombdimg.com/tos-cn-i-6vegkygxbk/08a2899b983345bf9759063118f3b1b5~tplv-6vegkygxbk-s:750.image?lk3s=c9156bde&x-expires=1818401719&x-signature=NVGgyTVBB0%2Bbl7C5jIyWvrqaY54%3D
12,111,111 首次上榜,3728321755291452584,认养一头牛A2 β-酪蛋白纯牛奶250ml*10盒*4箱梦幻盖早餐营养DP,¥199,认养一头牛官方旗舰店,¥100万 - ¥250万,7.5万 - 10万,"5,000 - 7,500",15% - 20%,3728321755291452584_111,https://p3-aio.ecombdimg.com/obj/ecom-shop-material/png_m_dc4d72e964e4151557f44534a521b742_sx_548437_www800-800,https://p3-ecom-qualification-sign.ecombdimg.com/tos-cn-i-6vegkygxbk/89cc62db0262443f9f83b05dcb9b1f1c~tplv-6vegkygxbk-s:750.image?lk3s=c9156bde&x-expires=1818402192&x-signature=ubbk3Brt68%2FOdRjJ4RzBTbPuHYw%3D
12,112,112 68,3684337581635535009,【自营】摩可纳正品黑咖啡美式经典8号/意式经典10号400g 【jy】,¥168,抖音商城进口超市,¥100万 - ¥250万,10万 - 25万,"5,000 - 7,500",7.5% - 10%,3684337581635535009_112,https://p3-aio.ecombdimg.com/obj/ecom-shop-material/jpeg_m_d11933406a1e51fb8eb00479945c34fb_sx_104719_www800-800,https://p6-ecom-qualification-sign.ecombdimg.com/tos-cn-i-6vegkygxbk/f83c4470f58c42929f3dd3ef474ceccc~tplv-6vegkygxbk-s:750.image?lk3s=c9156bde&x-expires=1818403529&x-signature=Vf3ymnhFtvR%2FtVonFLNy02ip%2FTM%3D
12,113,113 首次上榜,3832775883958124880,好羊纪有机纯羊奶粉全脂独立条装成人中老年,¥399,好羊纪臻选店,¥100万 - ¥250万,1万 - 2.5万,"2,500 - 5,000",20% - 25%,3832775883958124880_113,https://p3-aio.ecombdimg.com/obj/ecom-shop-material/png_m_8de13e804f22591eed81458fadd73ca8_sx_222057_www800-800,https://p3-ecom-qualification-sign.ecombdimg.com/tos-cn-i-6vegkygxbk/0b8fca1bc256410597d9917fbdac6af6~tplv-6vegkygxbk-s:750.image?lk3s=c9156bde&x-expires=1818404408&x-signature=b%2FaFqDQpe3q7a6dkLp5EKrG3rbQ%3D
12,114,114 首次上榜,3836371214117503210,茉莉雪螺浓香型茉莉花茶，热泡冷热皆可泡，浓香新茶，花香奶香浓郁,¥15-¥79,小茹私房茶,¥100万 - ¥250万,25万 - 50万,2.5万 - 5万,10% - 15%,3836371214117503210_114,https://p3-aio.ecombdimg.com/obj/ecom-shop-material/jpeg_m_24f1a1ffb2404f7ab67de85c610231ef_sx_551540_www800-800,https://p6-ecom-qualification-sign.ecombdimg.com/tos-cn-i-6vegkygxbk/860de5e9e12b422195b9cd20c4e6e38b~tplv-6vegkygxbk-s:750.image?lk3s=c9156bde&x-expires=1818404381&x-signature=DeGYtmRdGVmsCaU6qtT9W48pGRw%3D
12,115,115 首次上榜,3806296068401004712,力湃得LIV小燃条【混合口味】0蔗糖高含量镁钾液体VB电解质冲饮,¥300,LIQUID I.V.官方旗舰店,¥100万 - ¥250万,7.5万 - 10万,"2,500 - 5,000",7.5% - 10%,3806296068401004712_115,https://p9-aio.ecombdimg.com/obj/ecom-shop-material/jpeg_m_212a4e459f013e92d9406b988dcae837_sx_445174_www800-800,https://p3-ecom-qualification-sign.ecombdimg.com/tos-cn-i-6vegkygxbk/e46c0302002c4c4a9f70fc874ee68dd1~tplv-6vegkygxbk-s:750.image?lk3s=c9156bde&x-expires=1818401828&x-signature=TwWzurE0t3oaWjLlAfB%2F5V3pBZo%3D
12,116,116 59,3766944772804182238,【好喝营养】 妙可蓝多成长酪乳牛奶儿童营养高钙优质蛋白好吸收xm,¥149,妙可蓝多官方旗舰店,¥100万 - ¥250万,10万 - 25万,1万 - 2.5万,20% - 25%,3766944772804182238_116,https://p9-aio.ecombdimg.com/obj/ecom-shop-material/png_m_5bf83de9d737edf035641b539554c342_sx_597815_www800-800,https://p6-ecom-qualification-sign.ecombdimg.com/tos-cn-i-6vegkygxbk/8755b7af727e4f6e93b4118f78d0014b~tplv-6vegkygxbk-s:750.image?lk3s=c9156bde&x-expires=1818402586&x-signature=NEW4fBVM3X0qrN3PwlFFmwEtikU%3D
12,117,117 86,3811347903490949375,【100%纯藕粉】西湖纯藕粉*2罐2斤+袋装纯藕粉*2袋432克 共1432g,¥99,砚西湖营养食品旗舰店,¥100万 - ¥250万,7.5万 - 10万,1万 - 2.5万,15% - 20%,3811347903490949375_117,https://p3-aio.ecombdimg.com/obj/ecom-shop-material/jpeg_m_59cb6630d4cfa91634617986da8def0b_sx_131135_www804-804,https://p6-ecom-qualification-sign.ecombdimg.com/tos-cn-i-6vegkygxbk/f6882863750445198b8d58eb20284c33~tplv-6vegkygxbk-s:750.image?lk3s=c9156bde&x-expires=1818403642&x-signature=iSusyz9JlsbjQZvE0u%2FQpVQoljU%3D
12,118,118 首次上榜,3802238962744033438,[小罐茶焖泡茶]茉莉普洱桂花六堡石斛六堡陈皮白茶4盒磁吸焖焖杯,¥599,小罐茶官方旗舰店,¥100万 - ¥250万,5万 - 7.5万,"2,500 - 5,000",10% - 15%,3802238962744033438_118,https://p3-aio.ecombdimg.com/obj/ecom-shop-material/jpeg_m_9787f0032a2b2ed220010674def27bae_sx_435595_www800-800,https://p6-ecom-qualification-sign.ecombdimg.com/tos-cn-i-6vegkygxbk/efff1e2037ac4cd4b83018f5ef7b3f3c~tplv-6vegkygxbk-s:750.image?lk3s=c9156bde&x-expires=1818402206&x-signature=z1AZYmaxIcL0pOTjWfydpF1CF%2Bc%3D
12,119,119 26,3441513059259129824,【七夕狂欢】原始黄金官方新疆原产地正宗高钙骆驼奶粉送试喝装*2条,¥429-¥2376,原始黄金官方旗舰店,¥75万 - ¥100万,10万 - 25万,"1,000 - 2,500",1% - 2.5%,3441513059259129824_119,https://p9-aio.ecombdimg.com/obj/ecom-shop-material/jpeg_m_d647b5344a8baca63538033f0f62354b_sx_500703_www800-800,https://p6-ecom-qualification-sign.ecombdimg.com/tos-cn-i-6vegkygxbk/c1cf09d00b8b4d119e9980b820e6f0d2~tplv-6vegkygxbk-s:750.image?lk3s=c9156bde&x-expires=1818403038&x-signature=Hbzrt3L8nlS9KRlFh8G9yOvqCsc%3D
12,120,120 87,3791210146206711967,饮牛歌内蒙纯牛奶粉组合装营养浓郁新鲜常温适合早餐搭,¥59-¥114,饮牛歌食品旗舰店,¥75万 - ¥100万,10万 - 25万,1万 - 2.5万,10% - 15%,3791210146206711967_120,https://p9-aio.ecombdimg.com/obj/ecom-shop-material/jpeg_m_686808aeb89c152f556c2ab12d1aa198_sx_303503_www1440-1440,https://p3-ecom-qualification-sign.ecombdimg.com/tos-cn-i-6vegkygxbk/13a3ac4406a04d319e0280db16fddce6~tplv-6vegkygxbk-s:750.image?lk3s=c9156bde&x-expires=1818401057&x-signature=V8tHMOVUfqc%2FCSAUrInTpDd1FuM%3D
13,121,121 10,3653542355736347509,真零酸奶0蔗糖0代糖0乳糖大餐解腻酸奶D,¥29-¥99,真零官方旗舰店,¥75万 - ¥100万,25万 - 50万,2.5万 - 5万,10% - 15%,3653542355736347509_121,https://p9-aio.ecombdimg.com/obj/ecom-shop-material/jpeg_m_4eba8fda83b41dda57c0e4d3afb6f4ef_sx_338649_www800-800,https://p3-ecom-qualification-sign.ecombdimg.com/tos-cn-i-6vegkygxbk/a1f1520fa1c34c49959075a2a845fea4~tplv-6vegkygxbk-s:750.image?lk3s=c9156bde&x-expires=1818401965&x-signature=ZwKkTuvrFwN4yQDy1wSBylvJpm8%3D
13,122,122 首次上榜,3835552165817090244,【总裁上新】MODONG 魔胴柠檬风味冻干黑咖啡小魔杯美式超值7周装,¥259-¥999,MODONG MAGIC咖啡旗舰店,¥75万 - ¥100万,5万 - 7.5万,"2,500 - 5,000",10% - 15%,3835552165817090244_122,https://p3-aio.ecombdimg.com/obj/ecom-shop-material/png_m_fc84a4114969a1eebdc35063f98c61a6_sx_1285467_www1200-1200,https://p6-ecom-qualification-sign.ecombdimg.com/tos-cn-i-6vegkygxbk/7d5692ca1ed9496eba4b5cbc0f4367fe~tplv-6vegkygxbk-s:750.image?lk3s=c9156bde&x-expires=1818401118&x-signature=fjpf6IvQNgeaokxbJoSroW%2Fbcns%3D
13,123,123 36,3542316325567369270,百菲酪 3.8g水牛奶200ml*20盒*2箱+4.0水牛纯牛奶*2盒营养早餐奶,¥159,百菲酪官方旗舰店,¥75万 - ¥100万,7.5万 - 10万,"5,000 - 7,500",10% - 15%,3542316325567369270_123,https://p3-aio.ecombdimg.com/obj/ecom-shop-material/png_m_c241c285c7b067b6e29604ba4f375f36_sx_786594_www800-800,https://p6-ecom-qualification-sign.ecombdimg.com/tos-cn-i-6vegkygxbk/4369e0a3b6fa4559a17ed47a19e7eb72~tplv-6vegkygxbk-s:750.image?lk3s=c9156bde&x-expires=1818403488&x-signature=bdvLMuds0u8NuDxebO7yo7NQwSs%3D
13,124,124 首次上榜,3836516761759514923,【总裁上新】MODONG 魔胴柠檬风味冻干黑咖啡小魔杯美式两月装上新,¥318-¥999,MODONG MAGIC咖啡旗舰店,¥75万 - ¥100万,5万 - 7.5万,"2,500 - 5,000",10% - 15%,3836516761759514923_124,https://p9-aio.ecombdimg.com/obj/ecom-shop-material/png_m_286ae4678fe1b98c052e155461f6db04_sx_1205915_www1080-1080,https://p6-ecom-qualification-sign.ecombdimg.com/tos-cn-i-6vegkygxbk/7d5692ca1ed9496eba4b5cbc0f4367fe~tplv-6vegkygxbk-s:750.image?lk3s=c9156bde&x-expires=1818401118&x-signature=fjpf6IvQNgeaokxbJoSroW%2Fbcns%3D
13,125,125 37,3722271548669821301,【97】八大名茶组合装 铁观音大红袍金骏眉小种普洱 送茶具,¥298,岱岩峰茶业,¥75万 - ¥100万,10万 - 25万,"2,500 - 5,000",2.5% - 5%,3722271548669821301_125,https://p3-aio.ecombdimg.com/obj/ecom-shop-material/XDRWuMKF_m_46eff4052644981553e6056c162e336f_sx_867657_www1200-1200,https://p6-ecom-qualification-sign.ecombdimg.com/tos-cn-i-6vegkygxbk/16c312eb2bbd47838cc9d282ad91ab6a~tplv-6vegkygxbk-s:750.image?lk3s=c9156bde&x-expires=1818402976&x-signature=ye7Wqzn6r6WbffHyl%2Ftzk2Wm8Ls%3D
13,126,126 首次上榜,3836151470605074886,金芽晒红 冷泡白雪 调味茶 夏日DIY 冷泡茶 支持试喝 冰镇,¥19-¥38,云之尚好物甄选,¥75万 - ¥100万,25万 - 50万,2.5万 - 5万,15% - 20%,3836151470605074886_126,https://p9-aio.ecombdimg.com/obj/ecom-shop-material/png_m_55ac9eed236d7a541ef74797dd2d6ce8_sx_1692941_www1086-1086,https://p6-ecom-qualification-sign.ecombdimg.com/tos-cn-i-6vegkygxbk/77375ba310ac4a8ea06a7791cee95ad0~tplv-6vegkygxbk-s:750.image?lk3s=c9156bde&x-expires=1818403968&x-signature=9qLcfmgnXdYzkGiNUiTPE0%2Fwpn0%3D
13,127,127 100,3813462264384717169,【代餐也好吃】春光椰椰牛油果元气谷物罐 饱腹0白砂糖轻食营养A2,¥179,春光食品旗舰店,¥75万 - ¥100万,2.5万 - 5万,"5,000 - 7,500",30% - 35%,3813462264384717169_127,https://p9-aio.ecombdimg.com/obj/ecom-shop-material/jpeg_m_61098cb50542c40ce78caf77554ad0d8_sx_483123_www1000-1000,https://p3-ecom-qualification-sign.ecombdimg.com/tos-cn-i-6vegkygxbk/b642d82bfd55473b996cf38909fb4466~tplv-6vegkygxbk-s:750.image?lk3s=c9156bde&x-expires=1818404444&x-signature=UJYfCx2UDb4Cy5fABGUyjzkb7wE%3D
13,128,128 首次上榜,3819637020704243882,小罐茶冷泡茶调味乌龙青心乌龙茉莉花香爆款礼盒敦煌博物馆,¥398,小罐茶官方旗舰店,¥75万 - ¥100万,10万 - 25万,"5,000 - 7,500",10% - 15%,3819637020704243882_128,https://p3-aio.ecombdimg.com/obj/ecom-shop-material/jpeg_m_05eb2c2c4b8e74bc3972e3d7cc9e718c_sx_602470_www800-800,https://p6-ecom-qualification-sign.ecombdimg.com/tos-cn-i-6vegkygxbk/efff1e2037ac4cd4b83018f5ef7b3f3c~tplv-6vegkygxbk-s:750.image?lk3s=c9156bde&x-expires=1818402206&x-signature=z1AZYmaxIcL0pOTjWfydpF1CF%2Bc%3D
13,129,129 22,3709072064100040998,茉莉飘雪【鹏哥强推】力荐七窨一提花金奖茉莉花茶150g花香馥郁送礼,¥99-¥188,鹏哥精选好茶集合店,¥75万 - ¥100万,10万 - 25万,"7,500 - 1万",5% - 7.5%,3709072064100040998_129,https://p9-aio.ecombdimg.com/obj/ecom-shop-material/png_m_8aabae2aeea22a4aca4ec31024874f77_sx_882419_www800-800,https://p3-ecom-qualification-sign.ecombdimg.com/tos-cn-i-6vegkygxbk/f9ec25f1039d4144b51a5fd309097180~tplv-6vegkygxbk-s:750.image?lk3s=c9156bde&x-expires=1818402359&x-signature=79KMAzzf3ggwaNqLlWSviMzQw%2Bk%3D
13,130,130 16,3496427045557298048,欣善怡澳洲进口健身代餐自律搭子全麦脆高膳食纤维即食烘焙麦片/M,¥59-¥244,欣善怡官方旗舰店,¥75万 - ¥100万,10万 - 25万,1万 - 2.5万,15% - 20%,3496427045557298048_130,https://p3-aio.ecombdimg.com/obj/ecom-shop-material/png_m_1d214dc4c2a062adcc16a2b66c974c77_sx_865063_www800-800,https://p3-ecom-qualification-sign.ecombdimg.com/tos-cn-i-6vegkygxbk/16016beb4481486195edac9d35f09ad3~tplv-6vegkygxbk-s:750.image?lk3s=c9156bde&x-expires=1818402806&x-signature=QTXiWj2SaorSEM2UipUXeRqX4M0%3D
14,131,131 首次上榜,3767856274293785063,【周年庆专属】永和原磨细腻豆浆粉营养高蛋白早餐代餐饮品,¥79,永和豆浆轻食旗舰店,¥75万 - ¥100万,10万 - 25万,1万 - 2.5万,15% - 20%,3767856274293785063_131,https://p3-aio.ecombdimg.com/obj/ecom-shop-material/jpeg_m_746ed2d02973f34cf76b49fb3929dfb5_sx_571182_www800-800,https://p3-ecom-qualification-sign.ecombdimg.com/tos-cn-i-6vegkygxbk/6d2f3cb6aa8849e98c105f4d76283cad~tplv-6vegkygxbk-s:750.image?lk3s=c9156bde&x-expires=1818402799&x-signature=i4BVqt7ep162ISmFWLrCGosx2RM%3D
14,132,132 首次上榜,3623115507537953620,认养一头牛牛初乳粉营养奶粉800g*2罐+燕窝酸高钙奶粉700g*1罐-JJ,¥238,认养一头牛奶粉旗舰店,¥75万 - ¥100万,5万 - 7.5万,"2,500 - 5,000",10% - 15%,3623115507537953620_132,https://p3-aio.ecombdimg.com/obj/ecom-shop-material/jpeg_m_7d1cd3699f04620a7fa441cceb203363_sx_362105_www1200-1200,https://p6-ecom-qualification-sign.ecombdimg.com/tos-cn-i-6vegkygxbk/3decec31906e4144994f25cf25a0ae02~tplv-6vegkygxbk-s:750.image?lk3s=c9156bde&x-expires=1818404245&x-signature=MDIfV4G6Zc5caifUqdYoWhKWsHs%3D
14,133,133 首次上榜,3576947978776229537,【椰汁三箱】轻上0糖生椰饮料特别添加胶原蛋白肽即饮椰汁营养饮品,¥89,轻上官方旗舰店,¥75万 - ¥100万,25万 - 50万,1万 - 2.5万,15% - 20%,3576947978776229537_133,https://p9-aio.ecombdimg.com/obj/ecom-shop-material/png_m_dad9bc87c50ab9500517a16911727617_sx_1079647_www1080-1080,https://p3-ecom-qualification-sign.ecombdimg.com/tos-cn-i-6vegkygxbk/aaa59cf75d2b40779d1413bfb66aa5a1~tplv-6vegkygxbk-s:750.image?lk3s=c9156bde&x-expires=1818402799&x-signature=Vs5qh17x3c1ljsHVHklfEWK52g4%3D
14,134,134 首次上榜,3765271412634419276,【湖北李时珍】猴头菇丁香茶 沙棘佛手饮料等材料组合茶饮料,¥29-¥69,草本养生茶小店,¥75万 - ¥100万,25万 - 50万,2.5万 - 5万,5% - 7.5%,3765271412634419276_134,https://p3-aio.ecombdimg.com/obj/ecom-shop-material/jpeg_m_be7696f9d34159781e1202efde0618d0_sx_413722_www800-800,https://p6-ecom-qualification-sign.ecombdimg.com/tos-cn-i-6vegkygxbk/a73a72d80a944f6598579be198ea7dc1~tplv-6vegkygxbk-s:750.image?lk3s=c9156bde&x-expires=1818400994&x-signature=sQKYnmCzpimt0YEwryKOjkoTm0Y%3D
14,135,135 31,3735583851301437465,认养一头牛纯牛奶200ml*10盒*4整箱装早餐奶营养牛奶100%生牛乳CN,¥99,认养一头牛官方旗舰店,¥75万 - ¥100万,7.5万 - 10万,"7,500 - 1万",15% - 20%,3735583851301437465_135,https://p3-aio.ecombdimg.com/obj/ecom-shop-material/jpeg_m_681fd91e1afc4fbb12665d42d9e8aec0_sx_126890_www800-800,https://p3-ecom-qualification-sign.ecombdimg.com/tos-cn-i-6vegkygxbk/89cc62db0262443f9f83b05dcb9b1f1c~tplv-6vegkygxbk-s:750.image?lk3s=c9156bde&x-expires=1818402192&x-signature=ubbk3Brt68%2FOdRjJ4RzBTbPuHYw%3D
14,136,136 9,3824851684228726909,【悦鲜活】营养低温生牛乳鲜牛奶450ml*7瓶+780ml*1瓶,¥79,悦鲜活官方旗舰店,¥75万 - ¥100万,10万 - 25万,1万 - 2.5万,7.5% - 10%,3824851684228726909_136,https://p9-aio.ecombdimg.com/obj/ecom-shop-material/jpeg_m_e14cd78cd90eb45678dfe4b24ef6e9fb_sx_401219_www800-800,https://p6-ecom-qualification-sign.ecombdimg.com/tos-cn-i-6vegkygxbk/376e534e6ac14bf6bfe2c09f634f0751~tplv-6vegkygxbk-s:750.image?lk3s=c9156bde&x-expires=1818401965&x-signature=UQghfRyxEa6uCV3fYMauKqhUrSc%3D
14,137,137 首次上榜,3828916978307956796,清承堂2026新茶 花茶茶叶 浓香耐泡茉莉花茶 茉莉雪芽（6）,¥158,清承堂茶叶旗舰店,¥75万 - ¥100万,5万 - 7.5万,"5,000 - 7,500",10% - 15%,3828916978307956796_137,https://p3-aio.ecombdimg.com/obj/ecom-shop-material/jpeg_m_6e42ac680f367c413bb25b46e78fdeb8_sx_303665_www800-800,https://p3-ecom-qualification-sign.ecombdimg.com/tos-cn-i-6vegkygxbk/e0561dcf45594ebb9b1c1ffb42cd705a~tplv-6vegkygxbk-s:750.image?lk3s=c9156bde&x-expires=1818403070&x-signature=%2FzCQpTqq6LMM6IIO38SlQMHwfic%3D
14,138,138 1,3566377984535462017,2026年新茶 京华茶叶茉莉花茶茉莉高碎 中华老字号茗茶 袋装250g,¥69-¥158,京崋官方旗舰店,¥75万 - ¥100万,7.5万 - 10万,1万 - 2.5万,20% - 25%,3566377984535462017_138,https://p9-aio.ecombdimg.com/obj/ecom-shop-material/jpeg_m_f79aed08f6cd81b46268064fd45f5140_sx_288707_www800-800,https://p6-ecom-qualification-sign.ecombdimg.com/tos-cn-i-6vegkygxbk/6374b95aae1742d0bce4770b42102c60~tplv-6vegkygxbk-s:750.image?lk3s=c9156bde&x-expires=1818403270&x-signature=P21oA2xlIqedUytey5AQu6a3sTY%3D
14,139,139 首次上榜,3835951462542868607,【下单数量改到4】枸杞地黄饮 精选好食材,¥39,邮邮食品严选,¥75万 - ¥100万,10万 - 25万,10万 - 25万,35% - 40%,3835951462542868607_139,https://p3-aio.ecombdimg.com/obj/ecom-shop-material/png_m_4ca7d376b45aa012f5eb48322c8278d1_sx_573525_www800-800,https://p3-ecom-qualification-sign.ecombdimg.com/tos-cn-i-6vegkygxbk/31045a5e110143b69c0c5c470eba5e76~tplv-6vegkygxbk-s:750.image?lk3s=c9156bde&x-expires=1818402626&x-signature=9rcoo8JduO1OAZG90vxdq8jwa6I%3D
14,140,140 44,3756958567882686615,认养一头牛纤果瓶0蔗糖酸奶2箱20瓶低GI羽衣甘蓝三伏天膳食纤维SN,¥109,认养一头牛官方旗舰店,¥75万 - ¥100万,7.5万 - 10万,"7,500 - 1万",20% - 25%,3756958567882686615_140,https://p9-aio.ecombdimg.com/obj/ecom-shop-material/png_m_f9ddf6b3896bd67e5c1108d5b90a453b_sx_607696_www800-800,https://p3-ecom-qualification-sign.ecombdimg.com/tos-cn-i-6vegkygxbk/89cc62db0262443f9f83b05dcb9b1f1c~tplv-6vegkygxbk-s:750.image?lk3s=c9156bde&x-expires=1818402192&x-signature=ubbk3Brt68%2FOdRjJ4RzBTbPuHYw%3D
15,141,141 首次上榜,3836121766745473320,2026年五味斋重磅新品茉莉毛尖王八次窨制浓香耐泡口重回甘,¥175-¥350,五味斋茶庄,¥75万 - ¥100万,5万 - 7.5万,"2,500 - 5,000",10% - 15%,3836121766745473320_141,https://p3-aio.ecombdimg.com/obj/ecom-shop-material/jpeg_m_9a6bd3b873b9a8de985169bda3008b3a_sx_4155478_www3024-3024,https://p6-ecom-qualification-sign.ecombdimg.com/tos-cn-i-6vegkygxbk/ba24fd72f7054ee4ac97bafa7926193f~tplv-6vegkygxbk-s:750.image?lk3s=c9156bde&x-expires=1818401664&x-signature=IsbAPxsljnsJ4R6IxzSj922LvRE%3D
15,142,142 首次上榜,3827260797998989407,【数量改5拍】到手700克寸泉MCT生酮咖啡升级款早餐速溶咖啡粉黄油,¥59,扁角鹿咖啡冲饮店,¥75万 - ¥100万,25万 - 50万,10万 - 25万,7.5% - 10%,3827260797998989407_142,https://p9-aio.ecombdimg.com/obj/ecom-shop-material/jpeg_m_ff037f334fafb30e67c899c6656f2d0c_sx_214915_www1280-1280,https://p3-ecom-qualification-sign.ecombdimg.com/tos-cn-i-6vegkygxbk/4de0bf9b57df4ecda89bf9c880b188f7~tplv-6vegkygxbk-s:750.image?lk3s=c9156bde&x-expires=1818404218&x-signature=dYz6aPCYL11SXZDj8FsUt83fNiA%3D
15,143,143 首次上榜,3836364438554935898,【淄博中医医院玉竹十白】科学配方真材玉竹十白茶,¥99,淄博玉竹十白茶,¥75万 - ¥100万,7.5万 - 10万,"7,500 - 1万",15% - 20%,3836364438554935898_143,https://p9-aio.ecombdimg.com/obj/ecom-shop-material/jpeg_m_526c77e32ebfb4399fe823a6ae864977_sx_584655_www2000-2000,https://p6-ecom-qualification-sign.ecombdimg.com/tos-cn-i-6vegkygxbk/38bd405e3ba54b008aab29b37160341c~tplv-6vegkygxbk-s:750.image?lk3s=c9156bde&x-expires=1818403881&x-signature=GTIFl9InjXEZhUjf2naph1dNTxM%3D
15,144,144 首次上榜,3778709600757481526,轻滋畅【官方正品】西梅奇亚籽奶昔饮品网红代餐奶昔营养休闲饮料,¥39,轻滋畅官方旗舰店,¥75万 - ¥100万,10万 - 25万,1万 - 2.5万,10% - 15%,3778709600757481526_144,https://p3-aio.ecombdimg.com/obj/ecom-shop-material/png_m_b4763fb1a91eb1972d4edef3165641ac_sx_895764_www800-800,https://p3-ecom-qualification-sign.ecombdimg.com/tos-cn-i-6vegkygxbk/6fed439007584b68bef1c220e8e3fb2e~tplv-6vegkygxbk-s:750.image?lk3s=c9156bde&x-expires=1818404437&x-signature=ceAQrhJaOvxj4yzjpOzw5IK70oM%3D
15,145,145 首次上榜,3768214712962121845,【五罐赠玻璃杯勺】隆嘉盛黑芝麻核桃桑葚粉芝麻糊懒人早餐500克/罐,¥29,隆嘉盛食品旗舰店,¥75万 - ¥100万,10万 - 25万,2.5万 - 5万,15% - 20%,3768214712962121845_145,https://p9-aio.ecombdimg.com/obj/ecom-shop-material/jpeg_m_8c1ca796b4938cf849a2f2493802b97b_sx_428662_www800-800,https://p3-ecom-qualification-sign.ecombdimg.com/tos-cn-i-6vegkygxbk/fdf1c529b5594431969e042c48710525~tplv-6vegkygxbk-s:750.image?lk3s=c9156bde&x-expires=1818401852&x-signature=RMzsd%2FPa%2B4Fs%2BMMur5UqYu8zNDQ%3D
15,146,146 53,3678776135816183907,【送货上门】东方树叶500ml*15瓶多口味饮品无糖茶饮料整箱装,¥63,东方树叶官方旗舰店,¥75万 - ¥100万,10万 - 25万,1万 - 2.5万,15% - 20%,3678776135816183907_146,https://p3-aio.ecombdimg.com/obj/ecom-shop-material/jpeg_m_afd3829e6ae1a7527edd917e1a533756_sx_695661_www1080-1080,https://p3-ecom-qualification-sign.ecombdimg.com/tos-cn-i-6vegkygxbk/648c7638f4ca4c449597b96460ac4e1f~tplv-6vegkygxbk-s:750.image?lk3s=c9156bde&x-expires=1818403189&x-signature=aGSN8dF9Gusxi8TA%2FFQhgqTgaWA%3D
15,147,147 首次上榜,3696263251986874481,【2500克送牛奶杯勺】礼全斋黄芪党参豆浆粉500克/罐,¥29,食臻食品专营店,¥75万 - ¥100万,10万 - 25万,2.5万 - 5万,15% - 20%,3696263251986874481_147,https://p9-aio.ecombdimg.com/obj/ecom-shop-material/jpeg_m_faba9b68cdeca429f3e4e189e63d3929_sx_641359_www800-800,https://p6-ecom-qualification-sign.ecombdimg.com/tos-cn-i-6vegkygxbk/1dca80d62625446884c86d8e0bab3b8a~tplv-6vegkygxbk-s:750.image?lk3s=c9156bde&x-expires=1818403366&x-signature=3FecR0870bBtWaD0uc9qYBJGSdE%3D
15,148,148 首次上榜,3547428552116974791,【高饱腹感高蛋白】王饱饱未碱化生可可粉冲泡热巧克力液断代餐-zb,¥49-¥69,王饱饱官方旗舰店,¥75万 - ¥100万,10万 - 25万,1万 - 2.5万,20% - 25%,3547428552116974791_148,https://p3-aio.ecombdimg.com/obj/ecom-shop-material/png_m_e042c76f629b6dc490b5912491737582_sx_949814_www800-800,https://p3-ecom-qualification-sign.ecombdimg.com/tos-cn-i-6vegkygxbk/93d2e22dc37048b3a0503922269930e9~tplv-6vegkygxbk-s:750.image?lk3s=c9156bde&x-expires=1818401239&x-signature=p0HmvH%2BtYn05gSE4lOgT0IMSNAk%3D
15,149,149 35,3605478756560595935,【氢纯312ml】直播专属-泰山深层岩脉泉水-天然弱碱含氢水-送水到家,¥225-¥1800,氢纯官方旗舰店,¥75万 - ¥100万,2.5万 - 5万,"2,500 - 5,000",10% - 15%,3605478756560595935_149,https://p3-aio.ecombdimg.com/obj/ecom-shop-material/jpeg_m_95dfd565830af39c1c4925aa02c2e343_sx_152911_www1080-1080,https://p3-ecom-qualification-sign.ecombdimg.com/tos-cn-i-6vegkygxbk/8cb7fb9bb21246bb81991e3d7171cefb~tplv-6vegkygxbk-s:750.image?lk3s=c9156bde&x-expires=1818401367&x-signature=N0U4m6Vz%2FVQ5WtWh9rnxXUcJWfo%3D
15,150,150 120,3818727810437087664,【到手112瓶】低温A2吨吨200ml*12+200有机吨吨*2瓶*8期-ky,¥539-¥549,认养一头牛低温旗舰店,¥75万 - ¥100万,2.5万 - 5万,"1,000 - 2,500",10% - 15%,3818727810437087664_150,https://p3-aio.ecombdimg.com/obj/ecom-shop-material/jpeg_m_d6614ed3f9bc266b6e21187aad69c939_sx_176334_www800-800,https://p6-ecom-qualification-sign.ecombdimg.com/tos-cn-i-6vegkygxbk/cad55776cca1417ba05d2b6732494e77~tplv-6vegkygxbk-s:750.image?lk3s=c9156bde&x-expires=1818402193&x-signature=Z80o21ZjXKymCpKlmUVtY6uUlXc%3D
16,151,151 首次上榜,3829453320938979408,【小伊自营】2026年新炒黄瓜籽粉东北特产老黄瓜粉500g*4瓶（4斤）,¥99,小伊滋补,¥75万 - ¥100万,5万 - 7.5万,1万 - 2.5万,25% - 30%,3829453320938979408_151,https://p9-aio.ecombdimg.com/obj/ecom-shop-material/png_m_414eb63b73257cac30b58010514b659a_sx_757637_www800-800,https://p6-ecom-qualification-sign.ecombdimg.com/tos-cn-i-6vegkygxbk/ec83e8aab9a143c7af87e992283fa0ca~tplv-6vegkygxbk-s:750.image?lk3s=c9156bde&x-expires=1818403437&x-signature=d8pFO8FZKyfFwAXELVebeTpu5wQ%3D
16,152,152 32,3827403889196532096,聚小美NFC猕猴桃汁275ml*6瓶,¥59,聚小美官方旗舰店,¥75万 - ¥100万,10万 - 25万,1万 - 2.5万,10% - 15%,3827403889196532096_152,https://p3-aio.ecombdimg.com/obj/ecom-shop-material/png_m_419939d9fb23982e77be14f6685b17a4_sx_1709516_www1200-1200,https://p3-ecom-qualification-sign.ecombdimg.com/tos-cn-i-6vegkygxbk/d22c4ad549364d7ba1bb15e3eeb2b61b~tplv-6vegkygxbk-s:750.image?lk3s=c9156bde&x-expires=1818403607&x-signature=Nlca8rKJcE4DkuyemyGo5p9f8kA%3D
16,153,153 首次上榜,3835553673367388325,Soileta冻干不老莓果粉 野樱莓Aronia果实冻干冲饮,¥149-¥298,SOILETA食品旗舰店,¥75万 - ¥100万,10万 - 25万,1万 - 2.5万,7.5% - 10%,3835553673367388325_153,https://p3-aio.ecombdimg.com/obj/ecom-shop-material/jpeg_m_f9611705bfa23686adce424c98436681_sx_281537_www1200-1200,https://p6-ecom-qualification-sign.ecombdimg.com/tos-cn-i-6vegkygxbk/efda68f8a48542dc923ae9af0063c3aa~tplv-6vegkygxbk-s:750.image?lk3s=c9156bde&x-expires=1818403890&x-signature=zcOMg32hweNk4bTaCMgCJaLNAQY%3D
16,154,154 首次上榜,3835234585214582788,2026年新茶津沽老二茉莉花茶折螺碎高碎口重沙断芽断碎 后口回甘,¥49-¥88,老贰的伍店,¥75万 - ¥100万,10万 - 25万,1万 - 2.5万,15% - 20%,3835234585214582788_154,https://p3-aio.ecombdimg.com/obj/ecom-shop-material/jpeg_m_ecf974c489cd17f16f649f0943f95f27_sx_524936_www800-800,https://p3-ecom-qualification-sign.ecombdimg.com/tos-cn-i-6vegkygxbk/931821a449a94f6e9cd9edc11993dccb~tplv-6vegkygxbk-s:750.image?lk3s=c9156bde&x-expires=1818402995&x-signature=1rLX7H1hCJFIVJK%2B%2Ft%2BYwcAww3k%3D
16,155,155 首次上榜,3833016301111083102,【厂家直销】正宗枇杷炖梨一整箱夏季解渴饮料高颜值果汁粉丝果味,¥16-¥26,暖暖端端食品甄选铺,¥75万 - ¥100万,25万 - 50万,2.5万 - 5万,15% - 20%,3833016301111083102_155,https://p3-aio.ecombdimg.com/obj/ecom-shop-material/png_m_ab8646005d40697d9d37342361ea3afa_sx_1967832_www1254-1254,https://p6-ecom-qualification-sign.ecombdimg.com/tos-cn-i-6vegkygxbk/ddab3eab1cf0436eae47de1e37a722a1~tplv-6vegkygxbk-s:750.image?lk3s=c9156bde&x-expires=1818403731&x-signature=MIzq0wAnjhrRkRs7KdDnKkbcufE%3D
16,156,156 首次上榜,3814433193164144944,[6月生产]伊利高钙低脂牛奶250ml*21盒加25%钙早餐伴侣礼盒装,¥52,苏宁易购卖场店,¥75万 - ¥100万,25万 - 50万,1万 - 2.5万,7.5% - 10%,3814433193164144944_156,https://p9-aio.ecombdimg.com/obj/ecom-shop-material/jpeg_m_ccd2cddf9583f375b0f2254ad5af2ce4_sx_246291_www800-800,https://p6-ecom-qualification-sign.ecombdimg.com/tos-cn-i-6vegkygxbk/e5597de0636543969f3e3bf2608ef587~tplv-6vegkygxbk-s:750.image?lk3s=c9156bde&x-expires=1818402805&x-signature=LkYCKAhvufpzK8ZQ33qvQ1bYijI%3D
16,157,157 首次上榜,3592190805059727644,健力宝凤梨味饮料汽水果味低糖0脂饮品330ml*24罐,¥59,健力宝官方旗舰店,¥75万 - ¥100万,10万 - 25万,1万 - 2.5万,10% - 15%,3592190805059727644_157,https://p3-aio.ecombdimg.com/obj/ecom-shop-material/jpeg_m_6aee82e3df2c7ca6d080e1bdf58187bb_sx_548353_www800-800,https://p3-ecom-qualification-sign.ecombdimg.com/tos-cn-i-tsivw11p2g/857a5bafd5bc426a9670f1803726c5eb~tplv-6vegkygxbk-s:750.image?lk3s=c9156bde&x-expires=1818401693&x-signature=n8sWgWtZtstrhujCyhLlKsNGrKM%3D
16,158,158 首次上榜,3836633376589218262,【回归专属】妈妈很忙原生有机纯驼乳粉300g 高钙新鲜营养全脂,¥328-¥5904,妈妈很忙婺喜饮品专卖店,¥75万 - ¥100万,1万 - 2.5万,"750 - 1,000",10% - 15%,3836633376589218262_158,https://p9-aio.ecombdimg.com/obj/ecom-shop-material/jpeg_m_dbe9c6c3bcf62fb8a94ecbaf14f88d42_sx_126022_www1280-1280,https://p6-ecom-qualification-sign.ecombdimg.com/tos-cn-i-6vegkygxbk/e0160f9c9e5b43b1b7ff799ba0310704~tplv-6vegkygxbk-s:750.image?lk3s=c9156bde&x-expires=1818402993&x-signature=FeOSYHxv2NUwgyvJzK7hImiAXto%3D
16,159,159 首次上榜,3816726342708363603,【索图甄选】天友百特3.8g蛋白质纯牛奶200ml*10盒*4提（两个包裹发）,¥272,天友官方旗舰店,¥75万 - ¥100万,5万 - 7.5万,1万 - 2.5万,20% - 25%,3816726342708363603_159,https://p3-aio.ecombdimg.com/obj/ecom-shop-material/jpeg_m_00e49f15f1a0878ebfc95eebecf93fd1_sx_385740_www800-800,https://p3-ecom-qualification-sign.ecombdimg.com/temai/1613702052cd23b260b29b22129bd8762403d56e5170af69d0~tplv-6vegkygxbk-s:750.image?lk3s=c9156bde&x-expires=1818401727&x-signature=75SDFD4pv%2FhVG63pYdAqgSoBJCk%3D
16,160,160 首次上榜,3835916578852045165,牛油果增代益生菌咖啡含多种专利益生菌+鱼胶原蛋白肽,¥199,轻小盈咖啡店,¥75万 - ¥100万,2.5万 - 5万,"2,500 - 5,000",20% - 25%,3835916578852045165_160,https://p9-aio.ecombdimg.com/obj/ecom-shop-material/jpeg_m_9c5ede06432ff3afbf79570cb4494f6a_sx_316704_www1080-1080,https://p6-ecom-qualification-sign.ecombdimg.com/tos-cn-i-6vegkygxbk/5b2482c6795043b597a18a13fb2b0fa5~tplv-6vegkygxbk-s:750.image?lk3s=c9156bde&x-expires=1818403902&x-signature=oVa3Bm2eIqsByjgIDhPnLc58uMc%3D
17,161,161 30,3776423948246451041,【新品】认养一头牛4.0蛋白质纯牛奶125ml*12盒整箱装生牛乳营养SP,¥29-¥89,认养一头牛官方旗舰店,¥75万 - ¥100万,25万 - 50万,1万 - 2.5万,10% - 15%,3776423948246451041_161,https://p9-aio.ecombdimg.com/obj/ecom-shop-material/jpeg_m_20271be16fbde0bc45b757a4c84c9c67_sx_122081_www800-800,https://p3-ecom-qualification-sign.ecombdimg.com/tos-cn-i-6vegkygxbk/89cc62db0262443f9f83b05dcb9b1f1c~tplv-6vegkygxbk-s:750.image?lk3s=c9156bde&x-expires=1818402192&x-signature=ubbk3Brt68%2FOdRjJ4RzBTbPuHYw%3D
17,162,162 9,3822221446449594753,【送同款吸管盖】愉果先生VC粉柠檬水选用斑马柠檬大瓶600ml*6瓶,¥23-¥39,愉果先生水饮旗舰店,¥75万 - ¥100万,50万 - 75万,2.5万 - 5万,5% - 7.5%,3822221446449594753_162,https://p9-aio.ecombdimg.com/obj/ecom-shop-material/jpeg_m_865e00f76c37524b14a89859312880aa_sx_570813_www800-800,https://p3-ecom-qualification-sign.ecombdimg.com/tos-cn-i-6vegkygxbk/ef2f30c10b6a45429f75ab3fdd4f8ae6~tplv-6vegkygxbk-s:750.image?lk3s=c9156bde&x-expires=1818403552&x-signature=goHI%2FQsWp5dwrOXdjBlDPjpdO2c%3D
17,163,163 34,3516830255727915087,【配料只有大豆】九阳豆浆粉黄豆黑豆高蛋白原味孕妇健身早餐营养,¥39-¥119,九阳豆浆官方旗舰店,¥75万 - ¥100万,25万 - 50万,1万 - 2.5万,10% - 15%,3516830255727915087_163,https://p9-aio.ecombdimg.com/obj/ecom-shop-material/jpeg_m_28bd46f2cb17c1c3f7f29a20e1253c95_sx_111251_www800-800,https://p3-ecom-qualification-sign.ecombdimg.com/tos-cn-i-6vegkygxbk/dc04ea0708334d248b74cdf1de6f63b2~tplv-6vegkygxbk-s:750.image?lk3s=c9156bde&x-expires=1818403125&x-signature=mamFNDHP7rKU61ClCRFG8R%2FM55c%3D
17,164,164 36,3790310906555138310,热销爆款——【商超同款】妙可蓝多钙多多lite奶酪棒 BL,¥35-¥130,妙可蓝多官方旗舰店,¥75万 - ¥100万,25万 - 50万,2.5万 - 5万,10% - 15%,3790310906555138310_164,https://p9-aio.ecombdimg.com/obj/ecom-shop-material/jpeg_m_5f3799911b4da73b803caecab4299690_sx_444574_www800-800,https://p6-ecom-qualification-sign.ecombdimg.com/tos-cn-i-6vegkygxbk/8755b7af727e4f6e93b4118f78d0014b~tplv-6vegkygxbk-s:750.image?lk3s=c9156bde&x-expires=1818402586&x-signature=NEW4fBVM3X0qrN3PwlFFmwEtikU%3D
17,165,165 首次上榜,3832450886081315297,【花小龙专属】水醒喝0脂0糖黑咖啡美式咖啡3秒速溶H冷热双泡,¥9-¥49,水醒喝,¥75万 - ¥100万,25万 - 50万,2.5万 - 5万,7.5% - 10%,3832450886081315297_165,https://p9-aio.ecombdimg.com/obj/ecom-shop-material/jpeg_m_7002652ca73d88024f2ce48f2302e78c_sx_331914_www1200-1200,https://p6-ecom-qualification-sign.ecombdimg.com/tos-cn-i-6vegkygxbk/5054890e884e4130829b83cbfba80f5a~tplv-6vegkygxbk-s:750.image?lk3s=c9156bde&x-expires=1818403922&x-signature=Qf2CLf14pCvVgnl%2BRDbjHM7zuv4%3D
17,166,166 首次上榜,3816125652885700622,伊利（5月）金典纯牛奶200ml*12盒*3箱 营养早餐送礼 DR专属,¥89,伊利集团乳制品专卖店,¥75万 - ¥100万,10万 - 25万,"7,500 - 1万",10% - 15%,3816125652885700622_166,https://p3-aio.ecombdimg.com/obj/ecom-shop-material/jpeg_m_d4ff992bddad757d119c052d9773abd5_sx_508462_www800-800,https://p3-ecom-qualification-sign.ecombdimg.com/tos-cn-i-6vegkygxbk/45b9e776961b4d9483b02cf12d42faf9~tplv-6vegkygxbk-s:750.image?lk3s=c9156bde&x-expires=1818401719&x-signature=Bv8pSujgGVPDk9VX3IO%2B07ybpYQ%3D
17,167,167 首次上榜,3700327253088010295,【大瓶分享装】元气森林好自在无糖饮料900mL*12 红豆薏米水,¥82,元气森林官方旗舰店,¥75万 - ¥100万,10万 - 25万,1万 - 2.5万,15% - 20%,3700327253088010295_167,https://p9-aio.ecombdimg.com/obj/ecom-shop-material/jpeg_m_e0b0e53d5819c014f5c17ae99701b504_sx_261033_www800-800,https://p6-ecom-qualification-sign.ecombdimg.com/tos-cn-i-tsivw11p2g/2c49b21ae2b44bbc8a2602c8a53bac16~tplv-6vegkygxbk-s:750.image?lk3s=c9156bde&x-expires=1818404288&x-signature=9rKCaUKBK37FZwGcV90jaTpx%2BlI%3D
17,168,168 首次上榜,3573041944248619136,低糖升级【150杯 送电动搅拌杯】四只猫拿铁特浓蓝山燕麦速溶咖啡,¥229,四只猫冲饮旗舰店,¥75万 - ¥100万,10万 - 25万,"7,500 - 1万",10% - 15%,3573041944248619136_168,https://p9-aio.ecombdimg.com/obj/ecom-shop-material/jpeg_m_b22ac2862d5a689e7f034fc44cceaa43_sx_878763_www2222-2222,https://p3-ecom-qualification-sign.ecombdimg.com/tos-cn-i-6vegkygxbk/c2c642c78d4349e3befcb819e95356d3~tplv-6vegkygxbk-s:750.image?lk3s=c9156bde&x-expires=1818403378&x-signature=t9lVDlsKX%2BIXQ%2F71MUSj4fdYeT0%3D
17,169,169 首次上榜,3743389958707216608,【贝因美】3.6g乳蛋白高原纯牛奶200ml*10盒*4提整箱装,¥89,贝因美牛奶旗舰店,¥75万 - ¥100万,10万 - 25万,1万 - 2.5万,10% - 15%,3743389958707216608_169,https://p3-aio.ecombdimg.com/obj/ecom-shop-material/png_m_d7bd2d19f866ab8ccb5ee7ca8fdcae1e_sx_465050_www800-800,https://p3-ecom-qualification-sign.ecombdimg.com/tos-cn-i-6vegkygxbk/5484e213a44b4c0e954320582e80a566~tplv-6vegkygxbk-s:750.image?lk3s=c9156bde&x-expires=1818402819&x-signature=p7CD5diyYmAXNQE7hF3xzMbe2ZE%3D
17,170,170 首次上榜,3820776666704249240,认养一头牛蜜桃燕麦风味酸奶生牛乳200g*10盒*2箱营养早餐饮品,¥89,认养一头牛官方旗舰店,¥75万 - ¥100万,10万 - 25万,1万 - 2.5万,15% - 20%,3820776666704249240_170,https://p9-aio.ecombdimg.com/obj/ecom-shop-material/jpeg_m_5088406f9e181797b4ebac7cb13c1325_sx_550312_www800-800,https://p3-ecom-qualification-sign.ecombdimg.com/tos-cn-i-6vegkygxbk/89cc62db0262443f9f83b05dcb9b1f1c~tplv-6vegkygxbk-s:750.image?lk3s=c9156bde&x-expires=1818402192&x-signature=ubbk3Brt68%2FOdRjJ4RzBTbPuHYw%3D
18,171,171 32,3773452584543715502,【送货上门】27000天然矿泉水长白山低钠婴儿水同款母婴水1L*12瓶,¥89-¥840,27000官方旗舰店,¥75万 - ¥100万,7.5万 - 10万,"7,500 - 1万",10% - 15%,3773452584543715502_171,https://p9-aio.ecombdimg.com/obj/ecom-shop-material/jpeg_m_b6edb4685457c3e3ca9f1322d55e54d0_sx_357352_www800-800,https://p6-ecom-qualification-sign.ecombdimg.com/tos-cn-i-6vegkygxbk/789def6f319443359c067edb76f65b93~tplv-6vegkygxbk-s:750.image?lk3s=c9156bde&x-expires=1818401799&x-signature=lte%2Bkr5F69h5vr0r30Fz2bMnx4U%3D
18,172,172 57,3810349997862551575,康师傅pH9.0电解碱性水-柠檬味弱碱性水解渴15瓶整箱囤货直播大瓶,¥60-¥120,康师傅水饮旗舰店,¥75万 - ¥100万,10万 - 25万,1万 - 2.5万,15% - 20%,3810349997862551575_172,https://p3-aio.ecombdimg.com/obj/ecom-shop-material/png_m_6d42dabcd58d4cd0234066170e5dd663_sx_499272_www800-800,https://p3-ecom-qualification-sign.ecombdimg.com/tos-cn-i-6vegkygxbk/d5836d7e74b24c94b9ec047688a84929~tplv-6vegkygxbk-s:750.image?lk3s=c9156bde&x-expires=1818401115&x-signature=XOxGQ9Py6rRwYdHXkrZW38bDsXI%3D
18,173,173 首次上榜,3743380885630746948,1916青柑普洱 陶缸陈藏生晒小青柑耐泡回甘新会陈皮,¥398-¥876,阿方家官方旗舰店,¥75万 - ¥100万,1万 - 2.5万,"1,000 - 2,500",20% - 25%,3743380885630746948_173,https://p9-aio.ecombdimg.com/obj/ecom-shop-material/jpeg_m_31aadf77533e2bcafde5bc7b102b6d39_sx_715040_www2336-2336,https://p6-ecom-qualification-sign.ecombdimg.com/tos-cn-i-6vegkygxbk/0a65410e4d1a4b57a73d56c559cd60c7~tplv-6vegkygxbk-s:750.image?lk3s=c9156bde&x-expires=1818402878&x-signature=%2Bwr62oVCDcD%2FZnw7l92jH%2BtX16k%3D
18,174,174 首次上榜,3732441292626592037,新驼【七夕好礼】有机纯驼奶粉1000g*1袋 新疆奶源中老年优选,¥458,新驼官方旗舰店,¥75万 - ¥100万,5万 - 7.5万,"1,000 - 2,500",7.5% - 10%,3732441292626592037_174,https://p3-aio.ecombdimg.com/obj/ecom-shop-material/jpeg_m_6af363b70a49d24a8bfd4b7905e022d3_sx_462481_www800-800,https://p3-ecom-qualification-sign.ecombdimg.com/tos-cn-i-6vegkygxbk/285b38c13d384214af8edf381d60ac66~tplv-6vegkygxbk-s:750.image?lk3s=c9156bde&x-expires=1818401583&x-signature=7V7adOIAzZJwjDWa%2Fgw8680x1dw%3D
18,175,175 首次上榜,3831146250951066520,【两种口味+吸管】羽衣甘蓝青苹果水+羽衣甘蓝芭乐柠檬水清爽饮品,¥73,轻上轻饮官方旗舰店,¥75万 - ¥100万,10万 - 25万,1万 - 2.5万,15% - 20%,3831146250951066520_175,https://p3-aio.ecombdimg.com/obj/ecom-shop-material/jpeg_m_e75dd6561c05b8c8ad481997b3d1ccd5_sx_699269_www800-800,https://p6-ecom-qualification-sign.ecombdimg.com/tos-cn-i-6vegkygxbk/c89766a00b7d47cfa39b6ea13ff7de80~tplv-6vegkygxbk-s:750.image?lk3s=c9156bde&x-expires=1818403487&x-signature=yBykpU8sIe14QdenYC9nZYD7zWk%3D
18,176,176 108,3831328952476107027,水醒喝0糖0脂黑咖啡 美式咖啡3秒速溶口感醇厚冷热D双泡,¥9-¥49,水醒喝,¥75万 - ¥100万,25万 - 50万,1万 - 2.5万,5% - 7.5%,3831328952476107027_176,https://p9-aio.ecombdimg.com/obj/ecom-shop-material/jpeg_m_7002652ca73d88024f2ce48f2302e78c_sx_331914_www1200-1200,https://p6-ecom-qualification-sign.ecombdimg.com/tos-cn-i-6vegkygxbk/5054890e884e4130829b83cbfba80f5a~tplv-6vegkygxbk-s:750.image?lk3s=c9156bde&x-expires=1818403922&x-signature=Qf2CLf14pCvVgnl%2BRDbjHM7zuv4%3D
18,177,177 首次上榜,3819445274112295408,【到手1-3箱】深邃之净五大连池天然苏打水弱碱性PH值8.5±0.5低钠,¥29-¥88,深邃之净饮品专卖店,¥75万 - ¥100万,10万 - 25万,1万 - 2.5万,10% - 15%,3819445274112295408_177,https://p3-aio.ecombdimg.com/obj/ecom-shop-material/jpeg_m_196cc4a9d61ad8db34fc52f6b7ae454e_sx_299284_www800-800,https://p6-ecom-qualification-sign.ecombdimg.com/tos-cn-i-6vegkygxbk/6cbc896bae204a0985e57d57e86f0402~tplv-6vegkygxbk-s:750.image?lk3s=c9156bde&x-expires=1818400914&x-signature=5M7caz4M5SyffkqfTZketZ9JajM%3D
18,178,178 首次上榜,3792541600933085571,【杯杯二选一】永和豆浆官方正品高蛋白高钙营养早餐,¥79,永和豆浆轻食旗舰店,¥75万 - ¥100万,10万 - 25万,1万 - 2.5万,10% - 15%,3792541600933085571_178,https://p3-aio.ecombdimg.com/obj/ecom-shop-material/jpeg_m_6acf2bf34300c13e04d67703785d6762_sx_321521_www800-800,https://p3-ecom-qualification-sign.ecombdimg.com/tos-cn-i-6vegkygxbk/6d2f3cb6aa8849e98c105f4d76283cad~tplv-6vegkygxbk-s:750.image?lk3s=c9156bde&x-expires=1818402799&x-signature=i4BVqt7ep162ISmFWLrCGosx2RM%3D
18,179,179 首次上榜,3836322616377999793,纯甄经典原味酸奶200g*20盒+凤梨味酸奶200g*10盒【DF】,¥89,纯甄官方旗舰店,¥75万 - ¥100万,10万 - 25万,1万 - 2.5万,10% - 15%,3836322616377999793_179,https://p9-aio.ecombdimg.com/obj/ecom-shop-material/png_m_6b02e5cb34ed13d2566d8ed472df01fb_sx_1312714_www800-800,https://p6-ecom-qualification-sign.ecombdimg.com/tos-cn-i-6vegkygxbk/8c770e493a0341f3abb0c334161fcae7~tplv-6vegkygxbk-s:750.image?lk3s=c9156bde&x-expires=1818404466&x-signature=K5wAv98PYIor9xBDDQjVg9wiRHc%3D
18,180,180 首次上榜,3796055502631338276,认养一头牛哞星人儿童牛奶A2β-酪蛋白纯牛奶125ml*6箱zb/dr,¥179,哞星人牛奶旗舰店,¥75万 - ¥100万,7.5万 - 10万,"5,000 - 7,500",10% - 15%,3796055502631338276_180,https://p9-aio.ecombdimg.com/obj/ecom-shop-material/jpeg_m_4ec01269191cfceddad8825f4598d3d2_sx_159152_www800-800,https://p3-ecom-qualification-sign.ecombdimg.com/tos-cn-i-6vegkygxbk/9e2386c532534bbf84174f90679b0a52~tplv-6vegkygxbk-s:750.image?lk3s=c9156bde&x-expires=1818401311&x-signature=xCfCtRkxcNTzqSmJ6st0wsPSG9w%3D
19,181,181 12,3749636956452159628,LeTea乐品乐茶组合型花茶冷泡茶高端原叶袋泡茶包水果茶茉莉C,¥29-¥129,乐品乐茶官方旗舰店,¥75万 - ¥100万,25万 - 50万,1万 - 2.5万,5% - 7.5%,3749636956452159628_181,https://p3-aio.ecombdimg.com/obj/ecom-shop-material/jpeg_m_6aea8869d5bf88a2f8a299f6380fb7a9_sx_443346_www800-800,https://p6-ecom-qualification-sign.ecombdimg.com/tos-cn-i-6vegkygxbk/9276103ef9ad4e8ca39d47525bceb268~tplv-6vegkygxbk-s:750.image?lk3s=c9156bde&x-expires=1818404247&x-signature=zzleicvP3vqz1YFgSHEI0heRoeI%3D
19,182,182 首次上榜,3836181329234493762,留器雪域寂燃（黑茶）500克CY0330,¥999,澄叶茶器,¥75万 - ¥100万,"7,500 - 1万","750 - 1,000",15% - 20%,3836181329234493762_182,https://p3-aio.ecombdimg.com/obj/ecom-shop-material/jpeg_m_e3ecf61e554e36ce6d2c44f7aa17bb50_sx_352773_www2000-2000,https://p6-ecom-qualification-sign.ecombdimg.com/tos-cn-i-6vegkygxbk/75841713e5a64b8480a00107afe4fd2e~tplv-6vegkygxbk-s:750.image?lk3s=c9156bde&x-expires=1818404044&x-signature=dTTwAcJ2ZmVQcakaofg5hzvLr6c%3D
19,183,183 首次上榜,3607939734199997441,敦煌同款杏皮话梅茉莉茶送冷泡壶配料干净大份量冷热双泡,¥69-¥99,知竹棠花草茶旗舰店,¥75万 - ¥100万,10万 - 25万,1万 - 2.5万,10% - 15%,3607939734199997441_183,https://p9-aio.ecombdimg.com/obj/ecom-shop-material/png_m_3d14ad11166d4b73e0e4ed01b65a7ce1_sx_2691498_www1254-1254,https://p6-ecom-qualification-sign.ecombdimg.com/tos-cn-i-6vegkygxbk/bcff3da27fe2476da79efd5ca74adb6a~tplv-6vegkygxbk-s:750.image?lk3s=c9156bde&x-expires=1818401460&x-signature=tUyNEwVnClR0QUDULFcU%2FENJ%2BjU%3D
19,184,184 159,3815969039226896573,【总监价到】南方黑芝麻糊原味浓香核桃黑豆黑芝麻粉营养早餐代餐zb,¥99,南方黑芝麻食品旗舰店,¥75万 - ¥100万,7.5万 - 10万,"7,500 - 1万",15% - 20%,3815969039226896573_184,https://p9-aio.ecombdimg.com/obj/ecom-shop-material/png_m_08d6d18892338f30ffcff21fe6459d6f_sx_954696_www800-800,https://p3-ecom-qualification-sign.ecombdimg.com/tos-cn-i-6vegkygxbk/e3b81ba5a3ec4dfc81b846baf33527ec~tplv-6vegkygxbk-s:750.image?lk3s=c9156bde&x-expires=1818403547&x-signature=lr%2F22Wk2itg1eEnOEUe3440uBLY%3D
19,185,185 首次上榜,3817231050841653572,伊利（6月）纯牛奶250ml*21盒*1箱 营养早餐混发包装 DR,¥39,伊利集团乳制品专卖店,¥75万 - ¥100万,10万 - 25万,1万 - 2.5万,10% - 15%,3817231050841653572_185,https://p9-aio.ecombdimg.com/obj/ecom-shop-material/jpeg_m_2814a5eb35db4da6ac58545f2a3b55e9_sx_474012_www800-800,https://p3-ecom-qualification-sign.ecombdimg.com/tos-cn-i-6vegkygxbk/45b9e776961b4d9483b02cf12d42faf9~tplv-6vegkygxbk-s:750.image?lk3s=c9156bde&x-expires=1818401719&x-signature=Bv8pSujgGVPDk9VX3IO%2B07ybpYQ%3D
19,186,186 首次上榜,3834236473612304676,伊利 金典纯牛奶低碳如木装250ml*16盒*3箱 GQ,¥169,伊利官方旗舰店,¥75万 - ¥100万,7.5万 - 10万,"5,000 - 7,500",15% - 20%,3834236473612304676_186,https://p3-aio.ecombdimg.com/obj/ecom-shop-material/jpeg_m_addad0b34ac2b8fa1267d3b6dc932b09_sx_578401_www800-800,https://p3-ecom-qualification-sign.ecombdimg.com/tos-cn-i-6vegkygxbk/a5c5df7947b64ceea544e8b1bdcecde2~tplv-6vegkygxbk-s:750.image?lk3s=c9156bde&x-expires=1818402809&x-signature=MT6URhWOE9Wk4zpX5zb2nTF46c0%3D
19,187,187 首次上榜,3723531724244779281,柠檬共和国VC芭乐柠檬水畅纤柠檬水鲜果冷榨大瓶装柠檬水0糖0脂N,¥139,柠檬共和国官方旗舰店,¥75万 - ¥100万,10万 - 25万,1万 - 2.5万,10% - 15%,3723531724244779281_187,https://p9-aio.ecombdimg.com/obj/ecom-shop-material/png_m_7ed80570af4b69213fd23c9eef39902c_sx_772644_www800-800,https://p3-ecom-qualification-sign.ecombdimg.com/tos-cn-i-6vegkygxbk/c61bf512114e471cb61aa5f786e83065~tplv-6vegkygxbk-s:750.image?lk3s=c9156bde&x-expires=1818403071&x-signature=n4q9XM6%2Baae7tUc9XNc1%2F1zeokg%3D
19,188,188 首次上榜,3807927314277335167,【欧扎克麦片】100%全谷物全麦脆1050g健身低脂代餐即食营养饱腹感,¥59-¥259,欧扎克官方旗舰店,¥75万 - ¥100万,10万 - 25万,1万 - 2.5万,20% - 25%,3807927314277335167_188,https://p3-aio.ecombdimg.com/obj/ecom-shop-material/jpeg_m_48ad604060b1c00335a348bcd57c0de2_sx_412820_www800-800,https://p6-ecom-qualification-sign.ecombdimg.com/tos-cn-i-6vegkygxbk/84e87e11cc2e4c45aa60681183811826~tplv-6vegkygxbk-s:750.image?lk3s=c9156bde&x-expires=1818403205&x-signature=U%2FQkpmeGy%2FdLrOKv3JH4X0VqaTA%3D
19,189,189 首次上榜,3799040855000613247,【活动价到手24瓶】景田纯净水360ml/560ml*24瓶饮用整箱膜包,¥19-¥25,水霸王,¥75万 - ¥100万,25万 - 50万,2.5万 - 5万,10% - 15%,3799040855000613247_189,https://p3-aio.ecombdimg.com/obj/ecom-shop-material/jpeg_m_75ad3b782058cd57119f774e4074c6cc_sx_194762_www1279-1279,https://p6-ecom-qualification-sign.ecombdimg.com/tos-cn-i-6vegkygxbk/89cc18526fdc462795f041fb90f0bc00~tplv-6vegkygxbk-s:750.image?lk3s=c9156bde&x-expires=1818402255&x-signature=VAbop6IDHT0u34FU5w5hZAHIMlA%3D
19,190,190 首次上榜,3835978735719415814,今小氧橙汁葡萄汁夏季解渴饮料便携好喝聚餐饮品共2箱,¥59,今氧旗舰店,¥75万 - ¥100万,10万 - 25万,1万 - 2.5万,20% - 25%,3835978735719415814_190,https://p3-aio.ecombdimg.com/obj/ecom-shop-material/png_m_6ab6766967c4afd7de86b7874254b523_sx_774228_www604-604,https://p3-ecom-qualification-sign.ecombdimg.com/tos-cn-i-6vegkygxbk/7c2eef52e34145d3b26b7a2861104e72~tplv-6vegkygxbk-s:750.image?lk3s=c9156bde&x-expires=1818403209&x-signature=eaq%2BsiRdPBEoqsKv8tw7hgSmgyY%3D
20,191,191 首次上榜,3808837063487389978,伊利（6月）脱脂纯牛奶250ml*24盒*1箱 营养早餐奶 DR,¥54,伊利官方旗舰店,¥75万 - ¥100万,10万 - 25万,1万 - 2.5万,10% - 15%,3808837063487389978_191,https://p9-aio.ecombdimg.com/obj/ecom-shop-material/jpeg_m_420cb202602c86c16a0e52fec9a45876_sx_325253_www800-800,https://p3-ecom-qualification-sign.ecombdimg.com/tos-cn-i-6vegkygxbk/a5c5df7947b64ceea544e8b1bdcecde2~tplv-6vegkygxbk-s:750.image?lk3s=c9156bde&x-expires=1818402809&x-signature=MT6URhWOE9Wk4zpX5zb2nTF46c0%3D
20,192,192 首次上榜,3727208940027642001,【4两新疆奶】北亩时倾新疆哈密新鲜牛奶200g*8/16袋浓郁醇厚新疆奶,¥21-¥41,牛奶老张乳品店,¥75万 - ¥100万,10万 - 25万,1万 - 2.5万,10% - 15%,3727208940027642001_192,https://p3-aio.ecombdimg.com/obj/ecom-shop-material/jpeg_m_26c7d9344aa9123890063dd7aecd9d15_sx_555794_www2048-2048,https://p6-ecom-qualification-sign.ecombdimg.com/tos-cn-i-6vegkygxbk/0e6e1d8f0ce34cf7bafbab43e876e70d~tplv-6vegkygxbk-s:750.image?lk3s=c9156bde&x-expires=1818402193&x-signature=W%2Fh%2FIbdgu5Ppf%2B%2FJ5v0vEkiAkZ8%3D
20,193,193 首次上榜,3817273959737589994,【交个朋友空降专属】连咖啡3g*100颗金奖鲜萃意式浓缩速溶黑咖啡粉,¥359,连咖啡官方旗舰店,¥50万 - ¥75万,7.5万 - 10万,"5,000 - 7,500",10% - 15%,3817273959737589994_193,https://p3-aio.ecombdimg.com/obj/ecom-shop-material/jpeg_m_3b49cddcedfaff340c9ad4464a415a22_sx_470955_www800-800,https://p3-ecom-qualification-sign.ecombdimg.com/tos-cn-i-6vegkygxbk/687340c6fa024953b5c2d5d7986e40d2~tplv-6vegkygxbk-s:750.image?lk3s=c9156bde&x-expires=1818402920&x-signature=Qzi7suRulTpCybCk1nYLU3NCut8%3D
20,194,194 128,3785489683375587555,【300年非遗老字号】叶同仁 元气参茶匠心工艺茶汤干净,¥39-¥129,叶同仁营养食品旗舰店,¥50万 - ¥75万,10万 - 25万,1万 - 2.5万,10% - 15%,3785489683375587555_194,https://p3-aio.ecombdimg.com/obj/ecom-shop-material/jpeg_m_bdaadad27cad04ea8b2182910b98f87e_sx_292304_www1440-1440,https://p6-ecom-qualification-sign.ecombdimg.com/tos-cn-i-6vegkygxbk/229e7c132dbd464f9cb603d73d8453f6~tplv-6vegkygxbk-s:750.image?lk3s=c9156bde&x-expires=1818403211&x-signature=M%2BZ5Bv28j9ZjdKXRNHnwdr6jxkA%3D
20,195,195 -,3818300763961164225,东方甄选自营简酸奶袋装酸奶儿童成人浓郁酸牛奶早餐风味牛乳饮品,¥33,东方甄选官方旗舰店,¥50万 - ¥75万,10万 - 25万,2.5万 - 5万,15% - 20%,3818300763961164225_195,https://p9-aio.ecombdimg.com/obj/ecom-shop-material/jpeg_m_56b78c52654a0caa68db523afd59a3bf_sx_508379_www800-800,https://p6-ecom-qualification-sign.ecombdimg.com/tos-cn-i-6vegkygxbk/e099e132c284459195df7b1538a5334f~tplv-6vegkygxbk-s:750.image?lk3s=c9156bde&x-expires=1818402809&x-signature=6pj60AYqXmlV76y%2FXHTGlfZOI20%3D
20,196,196 首次上榜,3670447272967143840,欣善怡澳洲进口健身代餐即食冲泡全麦脆高膳食纤维即食烘焙麦片/M,¥59-¥244,欣善怡冲饮旗舰店,¥50万 - ¥75万,10万 - 25万,1万 - 2.5万,15% - 20%,3670447272967143840_196,https://p3-aio.ecombdimg.com/obj/ecom-shop-material/png_m_1d214dc4c2a062adcc16a2b66c974c77_sx_865063_www800-800,https://p3-ecom-qualification-sign.ecombdimg.com/tos-cn-i-6vegkygxbk/7ef02d856afe45878e997e56ff96d7aa~tplv-6vegkygxbk-s:750.image?lk3s=c9156bde&x-expires=1818403968&x-signature=GqgmnGScQLREGYqC7GHVaLC3ibU%3D
20,197,197 首次上榜,3812033199790490035,【总监福利】认养一头牛更好吸收A2β-酪蛋白生牛乳营养奶粉-ZB,¥409,认养一头牛奶粉旗舰店,¥50万 - ¥75万,2.5万 - 5万,"2,500 - 5,000",10% - 15%,3812033199790490035_197,https://p3-aio.ecombdimg.com/obj/ecom-shop-material/png_m_2dfdf2f46de5f2ebf8a908d6040ee506_sx_321458_www800-800,https://p6-ecom-qualification-sign.ecombdimg.com/tos-cn-i-6vegkygxbk/3decec31906e4144994f25cf25a0ae02~tplv-6vegkygxbk-s:750.image?lk3s=c9156bde&x-expires=1818404245&x-signature=MDIfV4G6Zc5caifUqdYoWhKWsHs%3D
20,198,198 57,3825955735636934965,【季节限定】冰香5°冷泡茶 芭乐油柑奇兰 柚子抹茶滇绿 荔枝红茶,¥18-¥88,山里质造官方旗舰店,¥50万 - ¥75万,10万 - 25万,"7,500 - 1万",10% - 15%,3825955735636934965_198,https://p9-aio.ecombdimg.com/obj/ecom-shop-material/jpeg_m_37d5e5fbb523fe34822024d5112b46c7_sx_233581_www1080-1080,https://p3-ecom-qualification-sign.ecombdimg.com/tos-cn-i-6vegkygxbk/e82f19e6907541989ffc50cbeae0ca2c~tplv-6vegkygxbk-s:750.image?lk3s=c9156bde&x-expires=1818401521&x-signature=EilFEI1cxAAezYrNlUBiDbAWD%2Bg%3D
20,199,199 首次上榜,3836105800162607169,2026新茶 雀舌龙珠 鲜爽回甘 清香持久 一泡一颗 支持试喝,¥49-¥89,荒寻山野茶集小铺,¥50万 - ¥75万,10万 - 25万,1万 - 2.5万,15% - 20%,3836105800162607169_199,https://p3-aio.ecombdimg.com/obj/ecom-shop-material/jpeg_m_28a307b6467ee68deba662aca0234a15_sx_585838_www2000-2000,https://p3-ecom-qualification-sign.ecombdimg.com/tos-cn-i-6vegkygxbk/e5e3175e15894294817d7d47af277a00~tplv-6vegkygxbk-s:750.image?lk3s=c9156bde&x-expires=1818401542&x-signature=oT8cqJlhv9TzSJKKcn8EkFaZbIk%3D
20,200,200 首次上榜,3738901264822567387,【达人专属】新品上市！瑞幸即享醇乳风味冻干大颗粒低糖咖啡拿铁,¥33-¥69,瑞幸即享官方旗舰店,¥50万 - ¥75万,10万 - 25万,1万 - 2.5万,10% - 15%,3738901264822567387_200,https://p3-aio.ecombdimg.com/obj/ecom-shop-material/png_m_4757c8971cb0178d6145550094a56180_sx_617477_www800-800,https://p6-ecom-qualification-sign.ecombdimg.com/tos-cn-i-6vegkygxbk/815e4d8a726f44b09ddb08116ff431e2~tplv-6vegkygxbk-s:750.image?lk3s=c9156bde&x-expires=1818404257&x-signature=%2BaXiHfmVo%2F9VVVaq6gS2l%2BjNrO0%3D
